"PMN01","PMN011","PMN02","PMN03","PMN04","PMN041","PMN05","PMN06","PMN07","PMN08","PMN09","PMN10","PMN11","PMN121","PMN122","PMN123","PMN13","PMN14","PMN15","PMN16","PMN18","PMN20","PMN23","PMN24","PMN25","PMN30","PMN31","PMN31T","PMN32","PMN33","PMN34","PMN35","PMN36","PMN37","PMN38","PMN40","PMN41","PMN42","PMN43","PMN431","PMN44","PMN45","PMN46","PMN50","PMN51","PMN52","PMN53","PMN54","PMN55","PMN56","PMN57","PMN58","PMN59","PMN60","PMN61","PMN62","PMN63","PMN64","PMN65","PMN66","PMN67","PMN68","PMN69","PMN70","PMN71","PMN80","PMN81","PMN82","PMN83","PMN84","PMN85","PMN86","PMN87","PMN88","PMN88T","PMN930","PMN401","PMN90","PMN94","PMN95","PMN96","PMN97","PMN98","PMN91","PMNUD01","PMNUD02","PMNUD03","PMNUD04","PMNUD05","PMNUD06","PMNUD07","PMNUD08","PMNUD09","PMNUD10","PMNUD11","PMNUD12","PMNUD13","PMNUD14","PMNUD15","PMN89","PMN72","PMN73","PMN74","PMN75","PMN76","PMN77","PMNPLANT","PMNLEGAL","PMN012","PMN919","PMN99","PMN78","PMN100","PMM01","PMM02","PMM03","PMM04","PMM05","PMM06","PMM07","PMM08","PMM09","PMM10","PMM11","PMM12","PMM13","PMM14","PMM15","PMM16","PMM17","PMM18","PMM20","PMM21","PMM22","PMM25","PMM26","PMM27","PMM28","PMM29","PMM30","PMM31","PMM32","PMM40","PMM401","PMM41","PMM42","PMM43","PMM44","PMM45","PMM46","PMM47","PMM48","PMM49","PMM50","PMM99","PMM901","PMM902","PMM903","PMM904","PMM905","PMM906","PMM907","PMM908","PMM909","PMM911","PMM912","PMM913","PMM914","PMM915","PMM916","PMMPRSW","PMMPRNO","PMMPRDT","PMMMKSG","PMMSIGN","PMMDAYS","PMMPRIT","PMMSSEQ","PMMSMAX","PMMACTI","PMMUSER","PMMGRUP","PMMMODU","PMMDATE","PMM40T","PMMUD01","PMMUD02","PMMUD03","PMMUD04","PMMUD05","PMMUD06","PMMUD07","PMMUD08","PMMUD09","PMMUD10","PMMUD11","PMMUD12","PMMUD13","PMMUD14","PMMUD15","PMM51","PMM52","PMM53","PMMCOND","PMMCONT","PMMCONU","PMMCRAT","PMMPOS","PMMPLANT","PMMLEGAL","PMMORIU","PMMORIG"
"PN02-17110031","REG","3","","8008-0593","DCP-R面板","","","PCS","PCS","1.00000000","","N","","PC0060","","10.0000","Y","Y","8","","6.000","","PQ01-17110039","2","","244.641000","286.230000","","17/12/28","17/12/28","17/12/28","17/11/20","","Y","1403","","0","","","244.641000","","","12.000","0.000"," ","2.000"," ","10.000"," ","-4.000","0.000","","","8008-0593","1.0000","N","N","1","","D0013","","","","","","","","","","","PCS","6.000","1467.850000","1717.380000","","","0.000000","","","0060-01"," ","2120","","","","","","","","248.000000","290.160000","","","","","","","","N","","4","","","","","SHXK_STE","SHXK_STE"," ","","","","同上","PN02-17110031","REG","0","17/11/14","","","","","V000234","001","001","8201379","D0003","D0013","8808227","","","Y","C002","J017","RMB","6","","18/04/23","","","","2017","11","2935.700000","0.000000","P01","1.0000000000","17.0000","1","Y","","0.000000","0.000000","","","","N"," ","","","N"," ","","","1","","","","","","","Y","0","","Y"," ","0","","0","0","Y","8201379","D0003","8809716","18/07/02","3434.760000","","","","","","","","","","","","","","","","1","SHXK_STE","","17/11/20","14:58:52","tiptop","17/11/14","N","SHXK_STE","SHXK_STE","8201379","D0003"
"PN02-17110031","REG","2","","8008-0592","DCP-L面板","","","PCS","PCS","1.00000000","","N","","PC0060","","10.0000","Y","Y","8","","6.000","","PQ01-17110039","1","","244.641000","286.230000","","17/12/28","17/12/28","17/12/28","17/11/20","","Y","1403","","0","","","244.641000","","","12.000","0.000"," ","4.000"," ","8.000"," ","-2.000","0.000","","","8008-0592","1.0000","N","N","1","","D0013","","","","","","","","","","","PCS","6.000","1467.850000","1717.380000","","","0.000000","","","0060-01"," ","2120","","","","","","","","248.000000","290.160000","","","","","","","","N","","4","","","","","SHXK_STE","SHXK_STE"," ","","","","芝加歌 增购6块生产使用，由原供应商提供","PN02-17110031","REG","0","17/11/14","","","","","V000234","001","001","8201379","D0003","D0013","8808227","","","Y","C002","J017","RMB","6","","18/04/23","","","","2017","11","2935.700000","0.000000","P01","1.0000000000","17.0000","1","Y","","0.000000","0.000000","","","","N"," ","","","N"," ","","","1","","","","","","","Y","0","","Y"," ","0","","0","0","Y","8201379","D0003","8809716","18/07/02","3434.760000","","","","","","","","","","","","","","","","1","SHXK_STE","","17/11/20","14:58:52","tiptop","17/11/14","N","SHXK_STE","SHXK_STE","8201379","D0003"
"PN01-17090093","REG","1","","8009-0220","木箱","","","PCS","PCS","1.00000000","","N","1.00000000","PC0025","","10.0000","Y","Y","8","","73.000","","","","0.000000","427.350400","500.000000","","18/09/28","18/09/28","18/09/28","17/11/17","","Y","50010303","","0","","","427.350400","","","27.000","0.000","K001","27.000"," ","0.000"," ","-46.000","0.000","","","8009-0220","1.0000","N","N","1","","","","","","","","","","","","","PCS","73.000","31196.580000","36500.000000","","","0.000000","","","9949-01"," ","3103","","","","PN02-16020044","","","","428.000000","500.760000","","","","","","","","N","","4","","","","","SHXK_STE","SHXK_STE"," ","",""," ","","PN01-17090093","REG","0","17/09/30","","","","","V000410","","","9103377","D0010","D0010","tiptop","","","Y","C002","J017","RMB","6","","18/04/24","","","","2017","9","31196.580000","0.000000","P01","1.0000000000","17.0000","1","Y","","0.000000","0.000000","","","","N"," ","","","N"," ","","","1","","","","","","","Y","0","","N"," ","0","","0","0","Y","tiptop","D0006","8809716","18/07/02","36500.000000","","","","","","","","","","","","","","","","1","SHXK_STE","","17/11/17","16:01:13","tiptop","17/11/17","N","SHXK_STE","SHXK_STE","tiptop","D0006"
"PN01-17090082","REG","5","","9980-8000-0399","Rearview Camera (RVC)","","","PCS","PCS","1.00000000","","N","1.00000000","PC0060","","10.0000","Y","Y","8","","5.000","","","","0.000000","2973.000000","3478.410000","","17/10/31","17/10/31","17/10/31","17/10/09","","Y","500102","","0","","","2973.000000","","","3.000","0.000","K004","3.000"," ","0.000"," ","-2.000","0.000","","","9980-8000-0399","1.0000","N","N","1","","","","","","","","","","","","","PCS","5.000","14865.000000","17392.050000","","","0.000000","","","0060-01"," ","2125","","","","PN02-17090009","","","","17500.000000","4095.000000","","","","","","","","N","","4","","","","","SHXK_STE","SHXK_STE"," ","",""," ","","PN01-17090082","REG","0","17/09/30","","","","","V000440","","","8201344","D0003","D0013","8201344","","","Y","C004","J017","RMB","6","","18/04/24","","","","2017","9","40645.000000","0.000000","P01","1.0000000000","17.0000","1","Y","","0.000000","0.000000","","","","N"," ","","","N"," ","","","1","","","","","","","Y","0","","N"," ","0","","0","0","Y","8201344","D0003","8809716","18/07/02","47554.650000","","","","","","","","","","","","","","","","1","SHXK_STE","","17/10/09","16:10:37","8201344","17/10/09","N","SHXK_STE","SHXK_STE","8201344","D0003"
"PN02-17100007","REG","1","","8008-0562","PECU面板","","","PCS","PCS","1.00000000","","N","1.00000000","PC0062","","10.0000","Y","Y","8","","20.000"," ","PQ01-17100030","1","0.000000","168.290600","196.900000","0","17/11/03","17/11/03","17/11/03","17/10/26","","Y","500102","","0","","","168.290600","","0","11.000","0.000","K001","11.000"," ","0.000"," ","-9.000","0.000"," ","0","8008-0562","1.0000","N","N","1","","D0013","","0","","","","","","","","","PCS","20.000","3365.810000","3938.000000","","","0.000000","","0","9981-01"," ","2106","","","","","","","","168.291000","196.900000","","","0","0","99/12/31","99/12/31","99/12/31","","","4","","","0","","SHXK_STE","SHXK_STE"," ","",""," ","WHL11 增加20个数量做备用，原由供应商供货","PN02-17100007","REG","0","17/10/23","PC0062","","","","V000234","001","001","8201379","D0003","D0013","8808227","","","Y","C002","J017","RMB","6","","18/04/23","","","","2017","10","3365.810000","0.000000","P01","1.0000000000","17.0000","1","Y","","0.000000","0.000000","","","","N"," ","","","N"," ","","","1","","","","","","","Y","0","","Y"," ","0","","0","0","Y","8201379","D0003","8809716","18/07/02","3938.000000","","","","","","","","","","","","","","","","1","SHXK_STE","","17/10/26","13:54:12","tiptop","17/10/23","N","SHXK_STE","SHXK_STE","8201379","D0003"
"PN02-17110051","REG","1","","8011-0108","高清扁平线HDMI","","","PCS","PCS","1.00000000","","N","1.00000000","PC2027","","10.0000","Y","Y","8","","50.000"," ","PQ01-17110060","1","0.000000","11.111100","13.000000","0","17/11/30","17/11/30","17/11/30","17/12/05","","Y","500102","","0","","","11.111100","","0","26.000","0.000","K001","26.000"," ","0.000"," ","-24.000","0.000"," ","0","8011-0108","1.0000","N","N","1","","D0009","","0","","","","","","","","","PCS","50.000","555.560000","650.000000","","","0.000000","","0","2027-01"," ","2101","","","","","","","","11.500000","13.460000","","","0","0","99/12/31","99/12/31","99/12/31","","","4","","","0","","SHXK_STE","SHXK_STE"," ","",""," ","","PN02-17110051","REG","0","17/11/22","PC2027","","","","V000318","","","8201458","D0003","D0009","8808227","","","Y","C002","J017","RMB","6","","18/04/23","","","","2017","11","555.560000","0.000000","P01","1.0000000000","17.0000","1","Y","","0.000000","0.000000","","","","N"," ","","","N"," ","","","1","","","","","","","Y","0","","Y"," ","0","","0","0","Y","8201458","D0003","8809716","18/07/02","650.000000","","","","","","","","","","","","","","","","1","SHXK_STE","","17/11/27","15:18:23","tiptop","17/11/22","N","SHXK_STE","SHXK_STE","8201458","D0003"
"PN01-17090071","REG","1","","9978-8000-1510","GZL3E SALOON CameraEncoder Card","","","PCS","PCS","1.00000000","","N","1.00000000","PC2027","","10.0000","Y","Y","8","","16.000","","","","0.000000","1500.000000","1755.000000","","17/10/31","17/10/31","17/10/31","17/10/09","","Y","500102","","0","","","1500.000000","","","16.000","0.000","K001","14.000"," ","2.000"," ","-2.000","0.000","","","9978-8000-1510","1.0000","N","N","1","","","","","","","","","","","","","PCS","16.000","24000.000000","28080.000000","","","0.000000","","","2027-01"," ","2102","","","","PN02-17030047","","","","1755.000000","1756.000000","","","","","","","","N","","4","","","","","SHXK_STE","SHXK_STE"," ","",""," ","","PN01-17090071","REG","0","17/09/30","PC2027","","","","V000082","001","001","8201344","D0003","D0013","8201344","","","Y","C099","J017","RMB","6","","18/04/24","","","","2017","9","102000.000000","0.000000","P01","1.0000000000","17.0000","1","Y","0","0.000000","0.000000","","","","N"," ","","","N"," ","","","1","","","","","","","Y","0","","N"," ","0","","0","0","Y","8201344","D0003","8809716","18/07/02","119340.000000","","","","","","","","","","","","","","","","1","SHXK_STE","","17/09/30","14:22:29","8201344","17/09/30","N","SHXK_STE","SHXK_STE","8201344","D0003"
"PN01-17090072","REG","26","","9974-8000-1601","38""LCD Receiver PCBA","","","PCS","PCS","1.00000000","","N","1.00000000","PC0058","","10.0000","Y","Y","8","","254.000","","","","0.000000","1000.000000","1170.000000","","17/10/31","17/10/31","17/10/31","17/10/17","","Y","500102","","0","","","1000.000000","","","90.000","0.000","K001","90.000"," ","0.000"," ","-164.000","0.000","","","9974-8000-1601","1.0000","N","N","1","","","","","","","","","","","","","PCS","254.000","254000.000000","297180.000000","","","0.000000","","","0058-01"," ","2109","","","","PN02-17020044","","","","1170.000000","1171.000000","","","","","","","","N","","4","","","","","SHXK_STE","SHXK_STE"," ","",""," ","","PN01-17090072","REG","0","17/09/30","PC0058","","","","V000082","001","001","8201344","D0003","D0013","8201344","","","Y","C100","J017","RMB","2","","18/04/24","","","","2017","9","31976358.000000","0.000000","P01","1.0000000000","17.0000","1","Y","","0.000000","0.000000","","","","N"," ","","","N"," ","","","1","","","","","","","Y","0","","N"," ","0","","0","0","Y","8201344","D0003","8201344","17/10/17","37412338.860000","","","","","","","","","","","","","","","","1","SHXK_STE","","17/10/17","15:07:17","8201344","17/09/30","N","SHXK_STE","SHXK_STE","8201344","D0003"
"PN01-17090073","REG","16","","9966-8000-0462","触摸屏","","","PCS","PCS","1.00000000","","N","1.00000000","PC0041","","20.0000","Y","Y","8","","6.000","","","","0.000000","4300.000000","5031.000000","","17/10/31","17/10/31","17/10/31","17/10/09","","Y","500102","","0","","","4300.000000","","","7.000","0.000","K001","5.000"," ","2.000"," ","-1.000","0.000","","","9966-8000-0462","1.0000","N","N","1","","","","","","","","","","","","","PCS","6.000","25800.000000","30186.000000","","","0.000000","","","9966-01"," ","2114","","","","PN02-16080074","","","","5031.000000","5032.000000","","","","","","","","N","","4","","","","","SHXK_STE","SHXK_STE"," ","",""," ","","PN01-17090073","REG","0","17/09/30","","","","","V000082","001","001","8201344","D0003","D0013","8201344","","","Y","C099","J017","RMB","2","","18/04/24","","","","2017","9","198130.000000","0.000000","P01","1.0000000000","17.0000","1","Y","0","0.000000","0.000000","","","","N"," ","","","N"," ","","","1","","","","","","","Y","0","","N"," ","0","","0","0","Y","8201344","D0003","8809716","18/07/02","231812.100000","","","","","","","","","","","","","","","","1","SHXK_STE","","17/09/30","17:03:01","8201344","17/09/30","N","SHXK_STE","SHXK_STE","8201344","D0003"
"PN01-17090073","REG","37","","9963-8000-1205","ACSU Controller B PCBA  (5)","","","PCS","PCS","1.00000000","","N","1.00000000","PC2061","","20.0000","Y","Y","8","","3.000","","","","0.000000","6500.000000","7605.000000","","17/10/31","17/10/31","17/10/31","17/10/09","","Y","500102","","0","","","6500.000000","","","2.000","0.000","K001","2.000"," ","0.000"," ","-1.000","0.000","","","9963-8000-1205","1.0000","N","N","1","","","","","","","","","","","","","PCS","3.000","19500.000000","22815.000000","","","0.000000","","","2061-01"," ","2101","","","","PN02-17080014","","","","7605.000000","7606.000000","","","","","","","","N","","4","","","","","SHXK_STE","SHXK_STE"," ","",""," ","","PN01-17090073","REG","0","17/09/30","","","","","V000082","001","001","8201344","D0003","D0013","8201344","","","Y","C099","J017","RMB","2","","18/04/24","","","","2017","9","198130.000000","0.000000","P01","1.0000000000","17.0000","1","Y","0","0.000000","0.000000","","","","N"," ","","","N"," ","","","1","","","","","","","Y","0","","N"," ","0","","0","0","Y","8201344","D0003","8809716","18/07/02","231812.100000","","","","","","","","","","","","","","","","1","SHXK_STE","","17/09/30","17:03:01","8201344","17/09/30","N","SHXK_STE","SHXK_STE","8201344","D0003"
"PN01-17090073","REG","36","","9963-8000-1205-1","MVB_card","","","PCS","PCS","1.00000000","","N","1.00000000","PC2061","","20.0000","Y","Y","8","","3.000","","","","0.000000","3000.000000","3510.000000","","17/10/31","17/10/31","17/10/31","17/10/09","","Y","500102","","0","","","3000.000000","","","2.000","0.000","K001","2.000"," ","0.000"," ","-1.000","0.000","","","9963-8000-1205-1","1.0000","N","N","1","","","","","","","","","","","","","PCS","3.000","9000.000000","10530.000000","","","0.000000","","","2061-01"," ","2101","","","","PN02-17080014","","","","3510.000000","3511.000000","","","","","","","","N","","4","","","","","SHXK_STE","SHXK_STE"," ","",""," ","","PN01-17090073","REG","0","17/09/30","","","","","V000082","001","001","8201344","D0003","D0013","8201344","","","Y","C099","J017","RMB","2","","18/04/24","","","","2017","9","198130.000000","0.000000","P01","1.0000000000","17.0000","1","Y","0","0.000000","0.000000","","","","N"," ","","","N"," ","","","1","","","","","","","Y","0","","N"," ","0","","0","0","Y","8201344","D0003","8809716","18/07/02","231812.100000","","","","","","","","","","","","","","","","1","SHXK_STE","","17/09/30","17:03:01","8201344","17/09/30","N","SHXK_STE","SHXK_STE","8201344","D0003"
"PN01-17090076","REG","21","","9949-8000-1220","DVR Power Supply Unit Card","","","PCS","PCS","1.00000000","","N","1.00000000","PC0025","","20.0000","Y","Y","8","","43.000","","","","0.000000","1568.376068","1835.000000","","17/10/31","17/10/31","17/10/31","17/10/09","","Y","500102","","0","","","1568.376068","","","42.000","0.000","K001","42.000"," ","0.000"," ","-1.000","0.000","","","9949-8000-1220","1.0000","N","N","1","","","","","","","","","","","","","PCS","43.000","67440.170000","78905.000000","","","0.000000","","","9949-01"," ","2115","","","","PN02-16120082","","","","1835.000000","1836.000000","","","","","","","","N","","4","","","","","SHXK_STE","SHXK_STE"," ","",""," ","","PN01-17090076","REG","0","17/09/30","PC0025","","","","V000082","001","001","8201344","D0003","D0013","8201344","","","Y","C131","J017","RMB","2","","18/04/24","","","","2017","9","2637203.870000","0.000000","P01","1.0000000000","17.0000","1","Y","","0.000000","0.000000","","","","N"," ","","","N"," ","","","1","","","","","","","Y","0","","N"," ","0","","0","0","Y","8201344","D0003","8809716","18/07/02","3085528.500000","","","","","","","","","","","","","","","","1","SHXK_STE","","17/09/30","17:01:54","8201344","17/09/30","N","SHXK_STE","SHXK_STE","8201344","D0003"
"PN01-17090076","REG","18","","9949-8000-1504","DVR Controller PCBA","","","PCS","PCS","1.00000000","","N","1.00000000","PC0025","","20.0000","Y","Y","8","","15.000","","","","0.000000","8468.376068","9908.000000","","17/10/31","17/10/31","17/10/31","17/10/09","","Y","500102","","0","","","8468.376068","","","14.000","0.000","K001","14.000"," ","0.000"," ","-1.000","0.000","","","9949-8000-1504","1.0000","N","N","1","","","","","","","","","","","","","PCS","15.000","127025.640000","148620.000000","","","0.000000","","","9949-01"," ","2114","","","","PN02-16120082","","","","9908.000000","9909.000000","","","","","","","","N","","4","","","","","SHXK_STE","SHXK_STE"," ","",""," ","","PN01-17090076","REG","0","17/09/30","PC0025","","","","V000082","001","001","8201344","D0003","D0013","8201344","","","Y","C131","J017","RMB","2","","18/04/24","","","","2017","9","2637203.870000","0.000000","P01","1.0000000000","17.0000","1","Y","","0.000000","0.000000","","","","N"," ","","","N"," ","","","1","","","","","","","Y","0","","N"," ","0","","0","0","Y","8201344","D0003","8809716","18/07/02","3085528.500000","","","","","","","","","","","","","","","","1","SHXK_STE","","17/09/30","17:01:54","8201344","17/09/30","N","SHXK_STE","SHXK_STE","8201344","D0003"
"PN01-17090076","REG","16","","9949-8000-1505","CPCIE to SATA Extend","","","PCS","PCS","1.00000000","","N","1.00000000","PC0025","","20.0000","Y","Y","8","","34.000","","","","0.000000","400.000000","468.000000","","17/10/31","17/10/31","17/10/31","17/10/09","","Y","500102","","0","","","400.000000","","","32.000","0.000","K001","32.000"," ","0.000"," ","-2.000","0.000","","","9949-8000-1505","1.0000","N","N","1","","","","","","","","","","","","","PCS","34.000","13600.000000","15912.000000","","","0.000000","","","9949-01"," ","2114","","","","PN02-16120082","","","","468.000000","469.000000","","","","","","","","N","","4","","","","","SHXK_STE","SHXK_STE"," ","",""," ","","PN01-17090076","REG","0","17/09/30","PC0025","","","","V000082","001","001","8201344","D0003","D0013","8201344","","","Y","C131","J017","RMB","2","","18/04/24","","","","2017","9","2637203.870000","0.000000","P01","1.0000000000","17.0000","1","Y","","0.000000","0.000000","","","","N"," ","","","N"," ","","","1","","","","","","","Y","0","","N"," ","0","","0","0","Y","8201344","D0003","8809716","18/07/02","3085528.500000","","","","","","","","","","","","","","","","1","SHXK_STE","","17/09/30","17:01:54","8201344","17/09/30","N","SHXK_STE","SHXK_STE","8201344","D0003"
"PN01-17090076","REG","14","","9949-8000-4201","AVSS Backplane PCBA","","","PCS","PCS","1.00000000","","N","1.00000000","PC0025","","20.0000","Y","Y","8","","10.000","","","","0.000000","268.376068","314.000000","","17/10/31","17/10/31","17/10/31","17/10/09","","Y","500102","","0","","","268.376068","","","8.000","0.000","K001","8.000"," ","0.000"," ","-2.000","0.000","","","9949-8000-4201","1.0000","N","N","1","","","","","","","","","","","","","PCS","10.000","2683.760000","3140.000000","","","0.000000","","","9949-01"," ","2115","","","","PN01-15120008","","","","314.000000","315.000000","","","","","","","","N","","4","","","","","SHXK_STE","SHXK_STE"," ","",""," ","","PN01-17090076","REG","0","17/09/30","PC0025","","","","V000082","001","001","8201344","D0003","D0013","8201344","","","Y","C131","J017","RMB","2","","18/04/24","","","","2017","9","2637203.870000","0.000000","P01","1.0000000000","17.0000","1","Y","","0.000000","0.000000","","","","N"," ","","","N"," ","","","1","","","","","","","Y","0","","N"," ","0","","0","0","Y","8201344","D0003","8809716","18/07/02","3085528.500000","","","","","","","","","","","","","","","","1","SHXK_STE","","17/09/30","17:01:54","8201344","17/09/30","N","SHXK_STE","SHXK_STE","8201344","D0003"
"PN01-17090076","REG","12","","9949-8000-5201","CCH MMI Interface PCBA","","","PCS","PCS","1.00000000","","N","1.00000000","PC0025","","20.0000","Y","Y","8","","15.000","","","","0.000000","3568.376068","4175.000000","","17/10/31","17/10/31","17/10/31","17/10/09","","Y","500102","","0","","","3568.376068","","","4.000","0.000","K001","2.000"," ","2.000"," ","-13.000","0.000","","","9949-8000-5201","1.0000","N","N","1","","","","","","","","","","","","","PCS","15.000","53525.640000","62625.000000","","","0.000000","","","9949-01"," ","2103","","","","PN02-16120082","","","","4175.000000","4176.000000","","","","","","","","N","","4","","","","","SHXK_STE","SHXK_STE"," ","",""," ","","PN01-17090076","REG","0","17/09/30","PC0025","","","","V000082","001","001","8201344","D0003","D0013","8201344","","","Y","C131","J017","RMB","2","","18/04/24","","","","2017","9","2637203.870000","0.000000","P01","1.0000000000","17.0000","1","Y","","0.000000","0.000000","","","","N"," ","","","N"," ","","","1","","","","","","","Y","0","","N"," ","0","","0","0","Y","8201344","D0003","8809716","18/07/02","3085528.500000","","","","","","","","","","","","","","","","1","SHXK_STE","","17/09/30","17:01:54","8201344","17/09/30","N","SHXK_STE","SHXK_STE","8201344","D0003"
"PN01-17090076","REG","6","","9949-8000-7201","IID Video Receiver","","","PCS","PCS","1.00000000","","N","1.00000000","PC0025","","20.0000","Y","Y","8","","260.000","","","","0.000000","2068.376068","2420.000000","","17/10/31","17/10/31","17/10/31","17/10/09","","Y","500102","","0","","","2068.376068","","","253.000","0.000","K001","253.000"," ","0.000"," ","-7.000","0.000","","","9949-8000-7201","1.0000","N","N","1","","","","","","","","","","","","","PCS","260.000","537777.780000","629200.000000","","","0.000000","","","9949-01"," ","2111","","","","PN02-16120088","","","","2420.000000","2421.000000","","","","","","","","N","","4","","","","","SHXK_STE","SHXK_STE"," ","",""," ","","PN01-17090076","REG","0","17/09/30","PC0025","","","","V000082","001","001","8201344","D0003","D0013","8201344","","","Y","C131","J017","RMB","2","","18/04/24","","","","2017","9","2637203.870000","0.000000","P01","1.0000000000","17.0000","1","Y","","0.000000","0.000000","","","","N"," ","","","N"," ","","","1","","","","","","","Y","0","","N"," ","0","","0","0","Y","8201344","D0003","8809716","18/07/02","3085528.500000","","","","","","","","","","","","","","","","1","SHXK_STE","","17/09/30","17:01:54","8201344","17/09/30","N","SHXK_STE","SHXK_STE","8201344","D0003"
"PN01-17090076","REG","4","","9949-8000-8201","EANS MMI Interface Card","","","PCS","PCS","1.00000000","","N","1.00000000","PC0025","","20.0000","Y","Y","8","","40.000","","","","0.000000","818.376068","957.500000","","17/10/31","17/10/31","17/10/31","17/10/09","","Y","500102","","0","","","818.376068","","","21.000","0.000","K001","21.000"," ","0.000"," ","-19.000","0.000","","","9949-8000-8201","1.0000","N","N","1","","","","","","","","","","","","","PCS","40.000","32735.040000","38300.000000","","","0.000000","","","9949-01"," ","2109","","","","PN02-16120088","","","","957.500000","958.500000","","","","","","","","N","","4","","","","","SHXK_STE","SHXK_STE"," ","",""," ","","PN01-17090076","REG","0","17/09/30","PC0025","","","","V000082","001","001","8201344","D0003","D0013","8201344","","","Y","C131","J017","RMB","2","","18/04/24","","","","2017","9","2637203.870000","0.000000","P01","1.0000000000","17.0000","1","Y","","0.000000","0.000000","","","","N"," ","","","N"," ","","","1","","","","","","","Y","0","","N"," ","0","","0","0","Y","8201344","D0003","8809716","18/07/02","3085528.500000","","","","","","","","","","","","","","","","1","SHXK_STE","","17/09/30","17:01:54","8201344","17/09/30","N","SHXK_STE","SHXK_STE","8201344","D0003"
"PN01-17090076","REG","2","","9949-8000-9202","IDS Controller PCBA","","","PCS","PCS","1.00000000","","N","1.00000000","PC0025","","20.0000","Y","Y","8","","75.000","","","","0.000000","1268.376068","1484.000000","","17/10/31","17/10/31","17/10/31","17/10/09","","Y","500102","","0","","","1268.376068","","","52.000","0.000","K001","52.000"," ","0.000"," ","-23.000","0.000","","","9949-8000-9202","1.0000","N","N","1","","","","","","","","","","","","","PCS","75.000","95128.210000","111300.000000","","","0.000000","","","9949-01"," ","2112","","","","PN02-16120088","","","","1484.000000","1485.000000","","","","","","","","N","","4","","","","","SHXK_STE","SHXK_STE"," ","",""," ","","PN01-17090076","REG","0","17/09/30","PC0025","","","","V000082","001","001","8201344","D0003","D0013","8201344","","","Y","C131","J017","RMB","2","","18/04/24","","","","2017","9","2637203.870000","0.000000","P01","1.0000000000","17.0000","1","Y","","0.000000","0.000000","","","","N"," ","","","N"," ","","","1","","","","","","","Y","0","","N"," ","0","","0","0","Y","8201344","D0003","8809716","18/07/02","3085528.500000","","","","","","","","","","","","","","","","1","SHXK_STE","","17/09/30","17:01:54","8201344","17/09/30","N","SHXK_STE","SHXK_STE","8201344","D0003"
"PN01-17090076","REG","1","","9949-8000-9203","SEPDS Controller PCBA","","","PCS","PCS","1.00000000","","N","1.00000000","PC0025","","20.0000","Y","Y","8","","160.000","","","","0.000000","1268.376068","1484.000000","","17/10/31","17/10/31","17/10/31","17/10/09","","Y","500102","","0","","","1268.376068","","","133.000","0.000","K001","133.000"," ","0.000"," ","-27.000","0.000","","","9949-8000-9203","1.0000","N","N","1","","","","","","","","","","","","","PCS","160.000","202940.170000","237440.000000","","","0.000000","","","9949-01"," ","2113","","","","PN02-16120088","","","","1484.000000","1485.000000","","","","","","","","N","","4","","","","","SHXK_STE","SHXK_STE"," ","",""," ","","PN01-17090076","REG","0","17/09/30","PC0025","","","","V000082","001","001","8201344","D0003","D0013","8201344","","","Y","C131","J017","RMB","2","","18/04/24","","","","2017","9","2637203.870000","0.000000","P01","1.0000000000","17.0000","1","Y","","0.000000","0.000000","","","","N"," ","","","N"," ","","","1","","","","","","","Y","0","","N"," ","0","","0","0","Y","8201344","D0003","8809716","18/07/02","3085528.500000","","","","","","","","","","","","","","","","1","SHXK_STE","","17/09/30","17:01:54","8201344","17/09/30","N","SHXK_STE","SHXK_STE","8201344","D0003"
"PN02-17110033","REG","2","","8008-0188","TDVR-箱体","","","PCS","PCS","1.00000000","","N","","PC2051","","20.0000","Y","Y","8","","10.000","","PQ01-17110030","1","","335.897400","393.000000","","17/12/15","17/12/15","17/12/15","17/11/28","","Y","1403","","0","","","335.897400","","","9.000","0.000"," ","9.000"," ","0.000"," ","-1.000","0.000","","","8008-0188","1.0000","N","N","1","","D0009","","","","","","","","","","","PCS","10.000","3358.970000","3930.000000","","","0.000000","","","2051-07"," ","2119","","","","","","","","338.000000","395.460000","","","","","","","","N","","4","","","","","SHXK_STE","SHXK_STE"," ","","","","","PN02-17110033","REG","0","17/11/27","","","","","V000234","001","001","8201379","D0003","D0013","8808227","","","Y","C002","J017","RMB","6","","18/04/23","","","","2017","11","7800.680000","0.000000","P01","1.0000000000","17.0000","1","Y","","0.000000","0.000000","","","","N"," ","","","N"," ","","","1","","","","","","","Y","0","","Y"," ","0","","0","0","Y","8201379","D0003","8809716","18/07/02","9126.800000","","","","","","","","","","","","","","","","1","SHXK_STE","","17/11/28","17:31:18","tiptop","17/11/14","N","SHXK_STE","SHXK_STE","8201379","D0003"
"PN02-17120005","REG","1","","8010-0364","MIC设备端连接器6芯（母）","","","PCS","PCS","1.00000000","","N","1.00000000","PC0063","","20.0000","Y","Y","8","","50.000","","PQ01-17120010","1","0.000000","10.042700","11.750000","","18/01/05","18/01/05","18/01/05","17/12/06","","Y","500102","","0","","","10.042700","","","39.000","0.000","K001","39.000"," ","0.000"," ","-11.000","0.000","","","8010-0364","1.0000","N","N","1","","D0013","","","","","","","","","","","PCS","50.000","502.140000","587.500000","","","0.000000","","","0063-01"," ","2113","","","","","","","","11.000000","12.870000","","","","","","","","N","","4","","","","","SHXK_STE","SHXK_STE"," ","",""," ","","PN02-17120005","REG","0","17/12/05","PC0063","","","","V000467","","","8201551","D0003","D0013","8808227","","","Y","C002","J017","RMB","6","","18/04/23","","","","2017","12","502.140000","0.000000","P01","1.0000000000","17.0000","1","Y","","0.000000","0.000000","","","","N"," ","","","N"," ","","","1","","","","","","","Y","0","","Y"," ","0","","0","0","Y","8201551","D0003","8809716","18/07/02","587.500000","","","","","","","","","","","","","","","","1","SHXK_STE","","17/12/06","09:34:26","tiptop","17/12/05","N","SHXK_STE","SHXK_STE","8201551","D0003"
"PN01-17090045","REG","1","","8008-0504","CLSP面板（委外处理后）","","","PCS","PCS","1.00000000","","N","1.00000000","PC0063","","10.0000","Y","Y","8","","6.000","","","","0.000000","244.444444","286.000000","","17/10/19","17/10/19","17/10/19","17/09/29","","Y","500102","","0","","","244.444444","","","1.000","0.000","K001","1.000"," ","0.000"," ","-5.000","0.000","","","8008-0504","1.0000","N","N","1","","","","","","","","","","","","","PCS","6.000","1466.670000","1716.000000","","","0.000000","","","0063-04"," ","2115","","","","PN02-17040017","","","","286.000000","334.620000","","","","","","","","N","","4","","","","","SHXK_STE","SHXK_STE"," ","",""," ","","PN01-17090045","REG","0","17/09/30","PC0063","","","","V000428","","","8201379","D0003","D0013","8201379","","","Y","C002","J017","RMB","6","","18/04/24","","","","2017","9","1466.670000","0.000000","P01","1.0000000000","17.0000","1","Y","","0.000000","0.000000","","","","N"," ","","","N"," ","","","1","","","","","","","Y","0","","N"," ","0","","0","0","Y","8201379","D0003","8809716","18/07/02","1716.000000","","","","","","","","","","","","","","","","1","SHXK_STE","","17/09/29","13:42:31","8201379","17/09/29","N","SHXK_STE","SHXK_STE","8201379","D0003"
"PN01-17090048","REG","5","","8015-0219","DVR 2  panel-Emergency Power Supply Card","","","PCS","PCS","1.00000000","","N","1.00000000","PC0025","","10.0000","Y","Y","8","","42.000","","","","0.000000","39.500000","46.215000","","17/10/31","17/10/31","17/10/31","17/09/29","","Y","500102","","0","","","39.500000","","","9.000","0.000","K001","9.000"," ","0.000"," ","-33.000","0.000","","","8015-0219","1.0000","N","N","1","","","","","","","","","","","","","PCS","42.000","1659.000000","1941.030000","","","0.000000","","","9949-01"," ","2125","","","","PN02-16120018","","","","42.000000","49.140000","","","","","","","","N","","4","","","","","SHXK_STE","SHXK_STE"," ","",""," ","","PN01-17090048","REG","0","17/09/30","PC0025","","","","V000440","","","8201379","D0003","D0013","8201379","","","Y","C006","J017","RMB","2","","18/04/24","","","","2017","9","60562.000000","0.000000","P01","1.0000000000","17.0000","1","Y","","0.000000","0.000000","","","","N"," ","","","N"," ","","","1","","","","","","","Y","0","","N"," ","0","","0","0","Y","8201379","D0003","8809716","18/07/02","70857.550000","","","","","","","","","","","","","","","","1","SHXK_STE","","17/09/29","13:41:44","8201379","17/09/29","N","SHXK_STE","SHXK_STE","8201379","D0003"
"PN01-17090048","REG","3","","8015-0218","DVR 2 panel-Switch Card","","","PCS","PCS","1.00000000","","N","1.00000000","PC0025","","10.0000","Y","Y","8","","57.000","","","","0.000000","49.500000","57.915000","","17/10/31","17/10/31","17/10/31","17/09/29","","Y","500102","","0","","","49.500000","","","21.000","0.000","K001","21.000"," ","0.000"," ","-36.000","0.000","","","8015-0218","1.0000","N","N","1","","","","","","","","","","","","","PCS","57.000","2821.500000","3301.160000","","","0.000000","","","9949-01"," ","2125","","","","PN02-16120018","","","","52.000000","60.840000","","","","","","","","N","","4","","","","","SHXK_STE","SHXK_STE"," ","",""," ","","PN01-17090048","REG","0","17/09/30","PC0025","","","","V000440","","","8201379","D0003","D0013","8201379","","","Y","C006","J017","RMB","2","","18/04/24","","","","2017","9","60562.000000","0.000000","P01","1.0000000000","17.0000","1","Y","","0.000000","0.000000","","","","N"," ","","","N"," ","","","1","","","","","","","Y","0","","N"," ","0","","0","0","Y","8201379","D0003","8809716","18/07/02","70857.550000","","","","","","","","","","","","","","","","1","SHXK_STE","","17/09/29","13:41:44","8201379","17/09/29","N","SHXK_STE","SHXK_STE","8201379","D0003"
"PN01-17090048","REG","2","","8015-0215","DVR 2  panel-Power Supply Unit Card","","","PCS","PCS","1.00000000","","N","1.00000000","PC0025","","10.0000","Y","Y","8","","42.000","","","","0.000000","43.500000","50.895000","","17/10/31","17/10/31","17/10/31","17/09/29","","Y","500102","","0","","","43.500000","","","6.000","0.000","K001","6.000"," ","0.000"," ","-36.000","0.000","","","8015-0215","1.0000","N","N","1","","","","","","","","","","","","","PCS","42.000","1827.000000","2137.590000","","","0.000000","","","9949-01"," ","2125","","","","PN02-16120018","","","","46.000000","53.820000","","","","","","","","N","","4","","","","","SHXK_STE","SHXK_STE"," ","",""," ","","PN01-17090048","REG","0","17/09/30","PC0025","","","","V000440","","","8201379","D0003","D0013","8201379","","","Y","C006","J017","RMB","2","","18/04/24","","","","2017","9","60562.000000","0.000000","P01","1.0000000000","17.0000","1","Y","","0.000000","0.000000","","","","N"," ","","","N"," ","","","1","","","","","","","Y","0","","N"," ","0","","0","0","Y","8201379","D0003","8809716","18/07/02","70857.550000","","","","","","","","","","","","","","","","1","SHXK_STE","","17/09/29","13:41:44","8201379","17/09/29","N","SHXK_STE","SHXK_STE","8201379","D0003"
"PN02-17100019","REG","9","","9978-8000-1507","Media Player Card 2","","","PCS","PCS","1.00000000","","N","","PC2053","","10.0000","Y","Y","8","","12.000","","PQ01-17100057","9","","1500.000000","1755.000000","","17/12/29","17/12/29","17/12/29","17/11/29","","Y","1403","","0","","","1500.000000","","","10.000","0.000"," ","10.000"," ","0.000"," ","-2.000","0.000","","","9978-8000-1507","1.0000","N","N","1","","D0009","","","","","","","","","","","PCS","12.000","18000.000000","21060.000000","","","0.000000","","","2053-07"," ","2111","","","","","","","","1500.000000","1755.000000","","","","","","","","N","","4","","","","","SHXK_STE","SHXK_STE"," ","","","","PQ01-17070028","PN02-17100019","REG","0","17/11/01","PC2053","","","","V000082","001","001","8201344","D0003","D0009","8808226","","","Y","C099","J017","RMB","6","","18/04/23","","","","2017","11","450600.000000","0.000000","P01","1.0000000000","17.0000","1","Y","","0.000000","0.000000","","","","N"," ","","","N"," ","","","1","","","","","","","Y","0","","Y"," ","0","","0","0","Y","8201344","D0003","8809716","18/07/02","527202.000000","","","","","","","","","","","","","","","","1","SHXK_STE","","17/11/13","11:33:18","tiptop","17/10/24","N","SHXK_STE","SHXK_STE","8201344","D0003"
"PN02-17100019","REG","8","","9978-8000-1506","Media Player Card","","","PCS","PCS","1.00000000","","N","","PC2053","","10.0000","Y","Y","8","","12.000","","PQ01-17100057","8","","6000.000000","7020.000000","","17/12/29","17/12/29","17/12/29","17/11/29","","Y","1403","","0","","","6000.000000","","","10.000","0.000"," ","10.000"," ","0.000"," ","-2.000","0.000","","","9978-8000-1506","1.0000","N","N","1","","D0009","","","","","","","","","","","PCS","12.000","72000.000000","84240.000000","","","0.000000","","","2053-07"," ","2111","","","","","","","","6000.000000","7020.000000","","","","","","","","N","","4","","","","","SHXK_STE","SHXK_STE"," ","","","","PQ01-17070028","PN02-17100019","REG","0","17/11/01","PC2053","","","","V000082","001","001","8201344","D0003","D0009","8808226","","","Y","C099","J017","RMB","6","","18/04/23","","","","2017","11","450600.000000","0.000000","P01","1.0000000000","17.0000","1","Y","","0.000000","0.000000","","","","N"," ","","","N"," ","","","1","","","","","","","Y","0","","Y"," ","0","","0","0","Y","8201344","D0003","8809716","18/07/02","527202.000000","","","","","","","","","","","","","","","","1","SHXK_STE","","17/11/13","11:33:18","tiptop","17/10/24","N","SHXK_STE","SHXK_STE","8201344","D0003"
"PN02-17120016","REG","2","","8010-0489","19芯，线缆母端，金属圆形连接器","","","PCS","PCS","1.00000000","","N","1.00000000","PC0060","","10.0000","Y","Y","8","","20.000","","PQ01-17120032","2","0.000000","238.630000","279.197100","","18/01/12","18/01/12","18/01/12","17/12/18","","Y","500102","","0","","","238.630000","","","19.000","0.000","K001","19.000"," ","0.000"," ","-1.000","0.000","","","8010-0489","1.0000","N","N","1","","D0013","","","","","","","","","","","PCS","20.000","4772.600000","5583.940000","","","0.000000","","","0060-01"," ","2125","","","","","","","","238.630000","279.200000","","","","","","","","N","","4","","","","","SHXK_STE","SHXK_STE"," ","",""," ","","PN02-17120016","REG","0","17/12/13","PC0060","","","","V000264","001","001","8201551","D0003","D0013","8808227","","","Y","C002","J017","RMB","6","","18/04/23","","","","2017","12","13243.600000","0.000000","P01","1.0000000000","17.0000","1","Y","","0.000000","0.000000","","","","N"," ","","","N"," ","","","1","","","","","","","Y","0","","Y"," ","0","","0","0","Y","8201551","D0003","8809716","18/07/02","15495.010000","","","","","","","","","","","","","","","","1","SHXK_STE","","17/12/18","14:22:27","tiptop","17/12/13","N","SHXK_STE","SHXK_STE","8201551","D0003"
"PN01-17100004","REG","2","","9974-8001-0382","Electronic Information Display (EID) - AC 240V","","","PCS","PCS","1.00000000","","N","1.00000000","PC0058","","10.0000","Y","Y","8","","2232.000","","","","0.000000","1709.401700","2000.000000","","17/10/31","17/10/31","17/10/31","17/10/10","","Y","500102","","0","","","1709.401700","","","144.000","0.000","K004","144.000"," ","0.000"," ","-2088.000","0.000","","","9974-8001-0382","1.0000","N","N","1","","","","","","","","","","","","","PCS","2232.000","3815384.620000","4464000.000000","","","0.000000","","","0058-01"," ","2108","","","","PN02-17010014","","","","1709.500000","2000.000000","","","","","","","","N","","4","","","","","SHXK_STE","SHXK_STE"," ","",""," ","","PN01-17100004","REG","0","17/09/30","PC0058","","","","V000083","001","001","8201344","D0003","D0013","8201344","","","Y","C004","J017","RMB","6","","18/04/24","","","","2017","9","5059829.060000","0.000000","P01","1.0000000000","17.0000","1","Y","","0.000000","0.000000","","","","N"," ","","","N"," ","","","1","","","","","","","Y","0","","N"," ","0","","0","0","Y","8201344","D0003","8809716","18/07/02","5920000.000000","","","","","","","","","","","","","","","","1","SHXK_STE","","17/10/10","15:07:11","8201344","17/10/09","N","SHXK_STE","SHXK_STE","8201344","D0003"
"PN01-17100004","REG","1","","9974-8000-0382","Electronic Information Display (EID) - DC110V","","","PCS","PCS","1.00000000","","N","1.00000000","PC0058","","10.0000","Y","Y","8","","728.000","","","","0.000000","1709.401700","2000.000000","","17/10/31","17/10/31","17/10/31","17/10/10","","Y","500102","","0","","","1709.401700","","","48.000","0.000","K004","48.000"," ","0.000"," ","-680.000","0.000","","","9974-8000-0382","1.0000","N","N","1","","","","","","","","","","","","","PCS","728.000","1244444.440000","1456000.000000","","","0.000000","","","0058-01"," ","2108","","","","PN02-17010014","","","","1709.500000","2000.000000","","","","","","","","N","","4","","","","","SHXK_STE","SHXK_STE"," ","",""," ","","PN01-17100004","REG","0","17/09/30","PC0058","","","","V000083","001","001","8201344","D0003","D0013","8201344","","","Y","C004","J017","RMB","6","","18/04/24","","","","2017","9","5059829.060000","0.000000","P01","1.0000000000","17.0000","1","Y","","0.000000","0.000000","","","","N"," ","","","N"," ","","","1","","","","","","","Y","0","","N"," ","0","","0","0","Y","8201344","D0003","8809716","18/07/02","5920000.000000","","","","","","","","","","","","","","","","1","SHXK_STE","","17/10/10","15:07:11","8201344","17/10/09","N","SHXK_STE","SHXK_STE","8201344","D0003"
"PN02-17120031","REG","4","","8009-0305","PECU类产品内衬EPE","","","PCS","PCS","1.00000000","","N","1.00000000","PC0062","","20.0000","Y","Y","8","","150.000"," ","PQ01-17120028","4","0.000000","29.743600","34.800000","0","17/12/29","17/12/29","17/12/29","17/12/22","","Y","1403","","0","","","29.743600","","0","150.000","0.000","K001","130.000"," ","20.000"," ","-20.000","0.000"," ","0","8009-0305","1.0000","N","N","1","","D0013","","0","","","","","","","","","PCS","150.000","4461.540000","5220.000000","","","0.000000","","0","9981-01"," ","2108","","","","","","","","36.000000","42.120000","","","0","0","99/12/31","99/12/31","99/12/31","","","4","","","0","","SHXK_STE","SHXK_STE"," ","",""," ","","PN02-17120031","REG","0","17/12/20","PC0062","","","","V000474","","","8201379","D0003","D0013","8808227","","","Y","C002","J017","RMB","6","","18/04/23","","","","2017","12","7003.680000","0.000000","P01","1.0000000000","17.0000","1","Y","0","0.000000","0.000000","","","","N"," ","","","N"," ","","","1","","","","","","","Y","0","","Y"," ","0","","0","0","Y","8201379","D0003","8809716","18/07/02","8194.300000","","","","","","","","","","","","","","","","1","SHXK_STE","","17/12/22","13:09:00","tiptop","17/12/15","N","SHXK_STE","SHXK_STE","8201379","D0003"
"PN02-17120031","REG","3","","8009-0306","PECU类产品纸箱","","","PCS","PCS","1.00000000","","N","1.00000000","PC0062","","20.0000","Y","Y","8","","70.000"," ","PQ01-17120028","3","0.000000","8.367500","9.790000","0","17/12/29","17/12/29","17/12/29","17/12/22","","Y","1403","","0","","","8.367500","","0","70.000","0.000","K001","50.000"," ","20.000"," ","-20.000","0.000"," ","0","8009-0306","1.0000","N","N","1","","D0013","","0","","","","","","","","","PCS","70.000","585.730000","685.300000","","","0.000000","","0","9981-01"," ","2108","","","","","","","","11.000000","12.870000","","","0","0","99/12/31","99/12/31","99/12/31","","","4","","","0","","SHXK_STE","SHXK_STE"," ","",""," ","","PN02-17120031","REG","0","17/12/20","PC0062","","","","V000474","","","8201379","D0003","D0013","8808227","","","Y","C002","J017","RMB","6","","18/04/23","","","","2017","12","7003.680000","0.000000","P01","1.0000000000","17.0000","1","Y","0","0.000000","0.000000","","","","N"," ","","","N"," ","","","1","","","","","","","Y","0","","Y"," ","0","","0","0","Y","8201379","D0003","8809716","18/07/02","8194.300000","","","","","","","","","","","","","","","","1","SHXK_STE","","17/12/22","13:09:00","tiptop","17/12/15","N","SHXK_STE","SHXK_STE","8201379","D0003"
"PN02-17120031","REG","2","","8009-0304","DACU类产品纸箱","","","PCS","PCS","1.00000000","","N","1.00000000","PC0062","","20.0000","Y","Y","8","","50.000"," ","PQ01-17120028","2","0.000000","8.769200","10.260000","0","17/12/29","17/12/29","17/12/29","17/12/22","","Y","1403","","0","","","8.769200","","0","50.000","0.000","K001","49.000"," ","1.000"," ","-1.000","0.000"," ","0","8009-0304","1.0000","N","N","1","","D0013","","0","","","","","","","","","PCS","50.000","438.460000","513.000000","","","0.000000","","0","9981-01"," ","2103","","","","","","","","11.000000","12.870000","","","0","0","99/12/31","99/12/31","99/12/31","","","4","","","0","","SHXK_STE","SHXK_STE"," ","",""," ","","PN02-17120031","REG","0","17/12/20","PC0062","","","","V000474","","","8201379","D0003","D0013","8808227","","","Y","C002","J017","RMB","6","","18/04/23","","","","2017","12","7003.680000","0.000000","P01","1.0000000000","17.0000","1","Y","0","0.000000","0.000000","","","","N"," ","","","N"," ","","","1","","","","","","","Y","0","","Y"," ","0","","0","0","Y","8201379","D0003","8809716","18/07/02","8194.300000","","","","","","","","","","","","","","","","1","SHXK_STE","","17/12/22","13:09:00","tiptop","17/12/15","N","SHXK_STE","SHXK_STE","8201379","D0003"
"PN01-17090079","REG","2","","9934-8000-8201","TOUCH-SCREEN-RECEIVE-CARD","","","PCS","PCS","1.00000000","","N","1.00000000","PC2056","","20.0000","Y","Y","8","","4.000","","","","0.000000","2500.000000","2925.000000","","17/10/31","17/10/31","17/10/31","17/10/08","","Y","500102","","0","","","2500.000000","","","2.000","0.000","K001","2.000"," ","0.000"," ","-2.000","0.000","","","9934-8000-8201","1.0000","N","N","1","","","","","","","","","","","","","PCS","4.000","10000.000000","11700.000000","","","0.000000","","","2056-01"," ","2111","","","","PN02-17080015","","","","2925.000000","2926.000000","","","","","","","","N","","4","","","","","SHXK_STE","SHXK_STE"," ","",""," ","","PN01-17090079","REG","0","17/09/30","","","","","V000082","001","001","8201344","D0003","D0013","8201344","","","Y","C099","J017","RMB","2","","18/04/24","","","","2017","9","376143.590000","0.000000","P01","1.0000000000","17.0000","1","Y","","0.000000","0.000000","","","","N"," ","","","N"," ","","","1","","","","","","","Y","0","","N"," ","0","","0","0","Y","8201344","D0003","8809716","18/07/02","440088.000000","","","","","","","","","","","","","","","","1","SHXK_STE","","17/10/08","12:46:15","8201344","17/09/30","N","SHXK_STE","SHXK_STE","8201344","D0003"
"PN01-17090081","REG","8","","9923-8000-1205","ACSU I/O  Card","","","PCS","PCS","1.00000000","","N","1.00000000","PC2028","","20.0000","Y","Y","8","","5.000","","","","0.000000","5486.752100","6419.500000","","17/10/31","17/10/31","17/10/31","17/10/09","","Y","500102","","0","","","5486.752100","","","1.000","0.000","K001","1.000"," ","0.000"," ","-4.000","0.000","","","9923-8000-1205","1.0000","N","N","1","","","","","","","","","","","","","PCS","5.000","27433.760000","32097.500000","","","0.000000","","","2028-07"," ","2101","","","","PN02-17050005","","","","6419.500000","6420.500000","","","","","","","","N","","4","","","","","SHXK_STE","SHXK_STE"," ","",""," ","","PN01-17090081","REG","0","17/09/30","","","","","V000082","001","001","8201344","D0003","D0013","8201344","","","Y","C099","J017","RMB","2","","18/04/24","","","","2017","9","370713.750000","0.000000","P01","1.0000000000","17.0000","1","Y","","0.000000","0.000000","","","","N"," ","","","N"," ","","","1","","","","","","","Y","0","","N"," ","0","","0","0","Y","8201344","D0003","8809716","18/07/02","433735.090000","","","","","","","","","","","","","","","","1","SHXK_STE","","17/10/09","13:46:12","8201344","17/09/30","N","SHXK_STE","SHXK_STE","8201344","D0003"
"PN01-17090081","REG","7","","9923-8000-1206","ACSU MVB PCBA","","","PCS","PCS","1.00000000","","N","1.00000000","PC2028","","20.0000","Y","Y","8","","5.000","","","","0.000000","6140.000000","7183.800000","","17/10/31","17/10/31","17/10/31","17/10/09","","Y","500102","","0","","","6140.000000","","","1.000","0.000","K001","1.000"," ","0.000"," ","-4.000","0.000","","","9923-8000-1206","1.0000","N","N","1","","","","","","","","","","","","","PCS","5.000","30700.000000","35919.000000","","","0.000000","","","2028-07"," ","2101","","","","PN02-17050005","","","","7183.800000","7184.800000","","","","","","","","N","","4","","","","","SHXK_STE","SHXK_STE"," ","",""," ","","PN01-17090081","REG","0","17/09/30","","","","","V000082","001","001","8201344","D0003","D0013","8201344","","","Y","C099","J017","RMB","2","","18/04/24","","","","2017","9","370713.750000","0.000000","P01","1.0000000000","17.0000","1","Y","","0.000000","0.000000","","","","N"," ","","","N"," ","","","1","","","","","","","Y","0","","N"," ","0","","0","0","Y","8201344","D0003","8809716","18/07/02","433735.090000","","","","","","","","","","","","","","","","1","SHXK_STE","","17/10/09","13:46:12","8201344","17/09/30","N","SHXK_STE","SHXK_STE","8201344","D0003"
"PN01-17090081","REG","5","","9923-8000-1211","ACSU Controller Audio Part PCBA","","","PCS","PCS","1.00000000","","N","1.00000000","PC2028","","10.0000","Y","Y","8","","5.000","","","","0.000000","1000.000000","1170.000000","","17/10/31","17/10/31","17/10/31","17/10/09","","Y","500102","","0","","","1000.000000","","","1.000","0.000","K001","1.000"," ","0.000"," ","-4.000","0.000","","","9923-8000-1211","1.0000","N","N","1","","","","","","","","","","","","","PCS","5.000","5000.000000","5850.000000","","","0.000000","","","2028-07"," ","2101","","","","PN02-17050005","","","","1170.000000","1171.000000","","","","","","","","N","","4","","","","","SHXK_STE","SHXK_STE"," ","",""," ","","PN01-17090081","REG","0","17/09/30","","","","","V000082","001","001","8201344","D0003","D0013","8201344","","","Y","C099","J017","RMB","2","","18/04/24","","","","2017","9","370713.750000","0.000000","P01","1.0000000000","17.0000","1","Y","","0.000000","0.000000","","","","N"," ","","","N"," ","","","1","","","","","","","Y","0","","N"," ","0","","0","0","Y","8201344","D0003","8809716","18/07/02","433735.090000","","","","","","","","","","","","","","","","1","SHXK_STE","","17/10/09","13:46:12","8201344","17/09/30","N","SHXK_STE","SHXK_STE","8201344","D0003"
"PN01-17090041","REG","2","","8008-0468","54HP机箱_D247.5","","","PCS","PCS","1.00000000","","N","1.00000000","PC0064","","20.0000","Y","Y","8","","6.000","","","","0.000000","530.000000","620.100000","","17/10/31","17/10/31","17/10/31","17/09/29","","Y","500102","","0","","","530.000000","","","6.000","0.000","K001","5.000"," ","1.000"," ","-1.000","0.000","","","8008-0468","1.0000","N","N","1","","","","","","","","","","","","","PCS","6.000","3180.000000","3720.600000","","","0.000000","","","9982-04"," ","2113","","","","PN02-17080041","","","","535.000000","625.950000","","","","","","","","N","","4","","","","","SHXK_STE","SHXK_STE"," ","",""," ","","PN01-17090041","REG","0","17/09/30","PC0064","","","","V000279","","","8201379","D0003","D0013","8201379","","","Y","C002","J017","RMB","6","","18/04/24","","","","2017","9","52620.000000","0.000000","P01","1.0000000000","17.0000","1","Y","","0.000000","0.000000","","","","N"," ","","","N"," ","","","1","","","","","","","Y","0","","N"," ","0","","0","0","Y","8201379","D0003","8809716","18/07/02","61565.400000","","","","","","","","","","","","","","","","1","SHXK_STE","","17/09/29","10:21:21","8201379","17/09/29","N","SHXK_STE","SHXK_STE","8201379","D0003"
"PN01-17090041","REG","1","","8008-0468","54HP机箱_D247.5","","","PCS","PCS","1.00000000","","N","1.00000000","PC0064","","20.0000","Y","Y","8","","24.000","","","","0.000000","530.000000","620.100000","","17/10/31","17/10/31","17/10/31","17/09/29","","Y","500102","","0","","","530.000000","","","15.000","0.000","K001","15.000"," ","0.000"," ","-9.000","0.000","","","8008-0468","1.0000","N","N","1","","","","","","","","","","","","","PCS","24.000","12720.000000","14882.400000","","","0.000000","","","9982-04"," ","2101","","","","PN02-17080041","","","","535.000000","625.950000","","","","","","","","N","","4","","","","","SHXK_STE","SHXK_STE"," ","",""," ","","PN01-17090041","REG","0","17/09/30","PC0064","","","","V000279","","","8201379","D0003","D0013","8201379","","","Y","C002","J017","RMB","6","","18/04/24","","","","2017","9","52620.000000","0.000000","P01","1.0000000000","17.0000","1","Y","","0.000000","0.000000","","","","N"," ","","","N"," ","","","1","","","","","","","Y","0","","N"," ","0","","0","0","Y","8201379","D0003","8809716","18/07/02","61565.400000","","","","","","","","","","","","","","","","1","SHXK_STE","","17/09/29","10:21:21","8201379","17/09/29","N","SHXK_STE","SHXK_STE","8201379","D0003"
"PN02-17100032","REG","2","","9980-8000-0409","Exterior Loudspeaker (ELSP)"," ","","PCS","PCS","1.00000000","","N","1.00000000","PC0060","","10.0000","Y","Y","8","","20.000","","","","0.000000","854.700900","1000.000000","","17/11/30","17/11/30","17/11/30","18/01/08","","Y","500102","","0","","","854.700900","","","20.000","0.000","K001","16.000"," ","4.000"," ","-4.000","0.000"," ","0","9980-8000-0409","1.0000","N","N","1","","D0013"," ","","","","","","","","","","PCS","20.000","17094.020000","20000.000000","","","0.000000","","","0060-01"," ","2107","","","","","","","","855.000000","1000.350000","","","","","","","","N","","4","","","","","SHXK_STE","SHXK_STE"," ","",""," ","","PN02-17100032","REG","0","17/10/26","PC0060","","","","V000104","001","001","8201458","D0003","D0013","8808325","","","Y","C002","J017","RMB","6","","18/04/23","","","","2017","10","20286.330000","0.000000","P01","1.0000000000","17.0000","1","Y","","0.000000","0.000000","","","","N"," ","","","N"," ","","","1","","","","","","","Y","0","","Y"," ","0","","0","0","Y","8201458","D0003","8809716","18/07/02","23735.000000","","","","","","","","","","","","","","","","1","SHXK_STE","","17/10/26","15:22:31","tiptop","17/10/26","N","SHXK_STE","SHXK_STE","8201458","D0003"
"PN02-17100032","REG","1","","8004-0030","ILSP扬声器(带变压器)"," ","","PCS","PCS","1.00000000","","N","1.00000000","PC0060","","10.0000","Y","Y","8","","40.000","","","","0.000000","64.102600","75.000000","","17/11/30","17/11/30","17/11/30","18/01/08","","Y","500102","","0","","","64.102600","","","40.000","0.000","K001","39.000"," ","1.000"," ","-1.000","0.000"," ","0","8004-0030","1.0000","N","N","1","","D0013"," ","","","","","","","","","","PCS","40.000","2564.100000","3000.000000","","","0.000000","","","0060-01"," ","2106","","","","","","","","65.000000","76.050000","","","","","","","","N","","4","","","","","SHXK_STE","SHXK_STE"," ","",""," ","","PN02-17100032","REG","0","17/10/26","PC0060","","","","V000104","001","001","8201458","D0003","D0013","8808325","","","Y","C002","J017","RMB","6","","18/04/23","","","","2017","10","20286.330000","0.000000","P01","1.0000000000","17.0000","1","Y","","0.000000","0.000000","","","","N"," ","","","N"," ","","","1","","","","","","","Y","0","","Y"," ","0","","0","0","Y","8201458","D0003","8809716","18/07/02","23735.000000","","","","","","","","","","","","","","","","1","SHXK_STE","","17/10/26","15:22:31","tiptop","17/10/26","N","SHXK_STE","SHXK_STE","8201458","D0003"
"PN02-18010020","REG","1","","9910-8000-0371","新版TDAC（没有光驱）","","ERP补录","PCS","PCS","1.00000000","","N","1.00000000","PC3012","","20.0000","Y","Y","8","","10.000"," ","PQ01-17120120","1","0.000000","25000.000000","29250.000000","0","18/03/16","18/03/16","18/03/16","18/01/31","","Y","500102","","0","","","25000.000000","","0","4.000","0.000","K001","4.000"," ","0.000"," ","-6.000","0.000"," ","0","9910-8000-0371","1.0000","N","N","1","","D0009","","0","","","","","","","","","PCS","10.000","250000.000000","292500.000000","","","0.000000","","0","3012-01"," ","2104","","","","","","","","25000.000000","29250.000000","","","0","0","99/12/31","99/12/31","99/12/31","","","4","","","0","","SHXK_STE","SHXK_STE"," ","",""," ","","PN02-18010020","REG","0","18/01/05","PC3012","","","","V000082","001","001","8201344","D0003","D0009","8808226","","","Y","C099","J017","RMB","6","","18/04/23","","","","2018","1","250000.000000","0.000000","P01","1.0000000000","17.0000","1","Y","0","0.000000","0.000000","","","","N"," ","","","N"," ","","","1","","","","","","","Y","0","","Y"," ","0","","0","0","Y","8201344","D0003","8809716","18/07/02","292500.000000","","","","","","","","","","","","","","","","1","SHXK_STE","","18/01/30","17:57:28","tiptop","18/01/05","N","SHXK_STE","SHXK_STE","8201344","D0003"
"PN02-17120053","REG","2","","8010-0263","M12  D-Coding 线缆端母连接器","","","PCS","PCS","1.00000000","","N","1.00000000","PC0025","","20.0000","Y","Y","8","","2500.000","","PQ01-17120094","7","0.000000","83.000000","97.110000","","18/01/12","18/01/12","18/01/12","18/01/02","","Y","500102","","0","","","83.000000","","","2000.000","0.000","K001","2000.000"," ","0.000"," ","-500.000","0.000","","","8010-0263","1.0000","N","N","1","","D0010","","","","","","","","","","","PCS","2500.000","207500.000000","242775.000000","","","0.000000","","","9949-01"," ","2107","","","","","","","","83.010000","97.120000","","","","","","","","N","","4","","","","","SHXK_STE","SHXK_STE"," ","",""," ","","PN02-17120053","REG","0","17/12/21","PC0025","","","","V000256","001","001","8201551","D0003","D0013","8808226","","","Y","C004","J017","RMB","6","","18/04/24","","","","2017","12","229052.220000","0.000000","P01","1.0000000000","17.0000","1","Y","","0.000000","0.000000","","","","N"," ","","","N"," ","","","1","","","","","","","Y","0","","Y"," ","0","","0","0","Y","8201551","D0003","8809716","18/07/02","267991.100000","","","","","","","","","","","","","","","","1","SHXK_STE","","17/12/28","17:16:14","tiptop","17/12/21","N","SHXK_STE","SHXK_STE","8201551","D0003"
"PN02-18010038","REG","2","","8011-0073","18 AWG白色线缆","","","PCS","PCS","1.00000000","","N","1.00000000","PC0025","","20.0000","Y","Y","8","","25.000","","PQ01-18010046","1","0.000000","5.812000","6.800000","","18/02/13","18/02/13","18/02/13","18/01/26","","Y","500102","","0","","","5.812000","","","24.000","0.000","K001","24.000"," ","0.000"," ","-1.000","0.000","","","8011-0073","1.0000","N","N","1","","D0010","","","","","","","","","","","PCS","25.000","145.300000","170.000000","","","0.000000","","","9949-01"," ","2106","","","","","","","","5.900000","6.900000","","","","","","","","N","","4","","","","","SHXK_STE","SHXK_STE"," ","",""," ","","PN02-18010038","REG","0","18/01/15","PC0025","","","","V000667","","","8201458","D0003","D0013","8808227","","","Y","C002","J017","RMB","6","","18/04/23","","","","2018","1","8863.250000","0.000000","P01","1.0000000000","17.0000","1","Y","","0.000000","0.000000","","","","N"," ","","","N"," ","","","1","","","","","","","Y","0","","Y"," ","0","","0","0","Y","8201458","D0003","8809716","18/07/02","10370.000000","","","","","","","","","","","","","","","","1","SHXK_STE","","18/01/26","16:38:32","tiptop","18/01/12","N","SHXK_STE","SHXK_STE","8201458","D0003"
"PN02-18010008","REG","2","","8008-0621","硬盘抽取盒","","","PCS","PCS","1.00000000","","N","","PC2062","","10.0000","Y","Y","8","","40.000","","PQ01-17120104","1","","242.735000","284.000000","","18/02/09","18/02/09","18/02/09","18/01/11","","Y","1403","","0","","","242.735000","","","30.000","0.000"," ","30.000"," ","0.000"," ","-10.000","0.000","","","8008-0621","1.0000","N","N","1","","D0009","","","","","","","","","","","PCS","40.000","9709.400000","11360.000000","","","0.000000","","","2062-01"," ","2111","","","","","","","","420.000000","491.400000","","","","","","","","N","","4","","","","","SHXK_STE","SHXK_STE"," ","","","","","PN02-18010008","REG","0","18/01/05","","","","","V000084","001","001","8201379","D0003","D0013","8808325","","","Y","C002","J017","RMB","2","","18/04/23","","","","2018","1","19491.450000","0.000000","P01","1.0000000000","17.0000","1","Y","","0.000000","0.000000","","","","N"," ","","","N"," ","","","1","","","","","","","Y","0","","Y"," ","0","","0","0","Y","8201379","D0003","8809716","18/07/02","22805.000000","","","","","","","","","","","","","","","","1","SHXK_STE","","18/01/10","18:21:13","tiptop","18/01/03","N","SHXK_STE","SHXK_STE","8201379","D0003"
"PN02-17120065","REG","22","","9949-8000-1102","PACU Power Supply Unit Card(1)","","","PCS","PCS","1.00000000","","N","","PC0025","","20.0000","Y","Y","8","","26.000","","PQ01-17120095","5","","2068.376100","2420.000000","","18/03/28","18/03/28","18/03/28","18/01/09","","Y","500102","","0","","","2068.376100","","","11.000","0.000"," ","11.000"," ","0.000"," ","-15.000","0.000","","","9949-8000-1102","1.0000","N","N","1","","D0010","","","","","","","","","","","PCS","26.000","53777.780000","62920.000000","","","0.000000","","","9949-01"," ","2115","","","","","","","","2068.510000","2420.160000","","","","","","","","N","","4","","","","","SHXK_STE","SHXK_STE"," ","","","","","PN02-17120065","REG","0","17/12/25","PC0025","","","","V000082","001","001","8201344","D0003","D0013","8808226","","","Y","C114","J017","RMB","2","","17/12/25","","","","2017","12","2640761.940000","0.000000","P01","1.0000000000","17.0000","1","Y","","0.000000","0.000000","","","","N"," ","","","N"," ","","","1","","","","","","","Y","0","","Y"," ","0","","0","0","Y","8201344","D0003","8809716","18/07/02","3089691.500000","","","","","","","","","","","","","","","","1","SHXK_STE","","18/01/09","12:45:38","tiptop","17/12/25","N","SHXK_STE","SHXK_STE","8201344","D0003"
"PN02-17120065","REG","19","","9949-8000-1204","AMP Card","","","PCS","PCS","1.00000000","","N","","PC0025","","10.0000","Y","Y","8","","32.000","","PQ01-17120095","8","","11068.376100","12950.000000","","18/03/28","18/03/28","18/03/28","18/01/09","","Y","1403","","0","","","11068.376100","","","23.000","0.000"," ","23.000"," ","0.000"," ","-9.000","0.000","","","9949-8000-1204","1.0000","N","N","1","","D0010","","","","","","","","","","","PCS","32.000","354188.030000","414400.000000","","","0.000000","","","9949-01"," ","2103","","","","","","","","11068.510000","12950.160000","","","","","","","","N","","4","","","","","SHXK_STE","SHXK_STE"," ","","","","","PN02-17120065","REG","0","17/12/25","PC0025","","","","V000082","001","001","8201344","D0003","D0013","8808226","","","Y","C114","J017","RMB","2","","17/12/25","","","","2017","12","2640761.940000","0.000000","P01","1.0000000000","17.0000","1","Y","","0.000000","0.000000","","","","N"," ","","","N"," ","","","1","","","","","","","Y","0","","Y"," ","0","","0","0","Y","8201344","D0003","8809716","18/07/02","3089691.500000","","","","","","","","","","","","","","","","1","SHXK_STE","","18/01/09","12:45:38","tiptop","17/12/25","N","SHXK_STE","SHXK_STE","8201344","D0003"
"PN02-17120065","REG","17","","9949-8000-1205-1","Switch POE Card","","","PCS","PCS","1.00000000","","N","","PC0025","","10.0000","Y","Y","8","","65.000","","PQ01-17120095","10","","568.376100","665.000000","","18/03/28","18/03/28","18/03/28","18/01/09","","Y","1403","","0","","","568.376100","","","29.000","0.000"," ","29.000"," ","0.000"," ","-36.000","0.000","","","9949-8000-1205-1","1.0000","N","N","1","","D0010","","","","","","","","","","","PCS","65.000","36944.440000","43225.000000","","","0.000000","","","9949-01"," ","2101","","","","","","","","568.510000","665.160000","","","","","","","","N","","4","","","","","SHXK_STE","SHXK_STE"," ","","","","","PN02-17120065","REG","0","17/12/25","PC0025","","","","V000082","001","001","8201344","D0003","D0013","8808226","","","Y","C114","J017","RMB","2","","17/12/25","","","","2017","12","2640761.940000","0.000000","P01","1.0000000000","17.0000","1","Y","","0.000000","0.000000","","","","N"," ","","","N"," ","","","1","","","","","","","Y","0","","Y"," ","0","","0","0","Y","8201344","D0003","8809716","18/07/02","3089691.500000","","","","","","","","","","","","","","","","1","SHXK_STE","","18/01/09","12:45:38","tiptop","17/12/25","N","SHXK_STE","SHXK_STE","8201344","D0003"
"PN02-17120065","REG","16","","9949-8000-1205-2","Switch Panel Card","","","PCS","PCS","1.00000000","","N","","PC0025","","10.0000","Y","Y","8","","65.000","","PQ01-17120095","11","","1568.376100","1835.000000","","18/03/28","18/03/28","18/03/28","18/01/09","","Y","1403","","0","","","1568.376100","","","30.000","0.000"," ","30.000"," ","0.000"," ","-35.000","0.000","","","9949-8000-1205-2","1.0000","N","N","1","","D0010","","","","","","","","","","","PCS","65.000","101944.440000","119275.000000","","","0.000000","","","9949-01"," ","2107","","","","","","","","1568.510000","1835.160000","","","","","","","","N","","4","","","","","SHXK_STE","SHXK_STE"," ","","","","","PN02-17120065","REG","0","17/12/25","PC0025","","","","V000082","001","001","8201344","D0003","D0013","8808226","","","Y","C114","J017","RMB","2","","17/12/25","","","","2017","12","2640761.940000","0.000000","P01","1.0000000000","17.0000","1","Y","","0.000000","0.000000","","","","N"," ","","","N"," ","","","1","","","","","","","Y","0","","Y"," ","0","","0","0","Y","8201344","D0003","8809716","18/07/02","3089691.500000","","","","","","","","","","","","","","","","1","SHXK_STE","","18/01/09","12:45:38","tiptop","17/12/25","N","SHXK_STE","SHXK_STE","8201344","D0003"
"PN02-17120065","REG","15","","9949-8000-1220","DVR Power Supply Unit Card","","","PCS","PCS","1.00000000","","N","","PC0025","","20.0000","Y","Y","8","","26.000","","PQ01-17120095","12","","1568.376100","1835.000000","","18/03/28","18/03/28","18/03/28","18/01/09","","Y","1403","","0","","","1568.376100","","","13.000","0.000"," ","13.000"," ","0.000"," ","-13.000","0.000","","","9949-8000-1220","1.0000","N","N","1","","D0010","","","","","","","","","","","PCS","26.000","40777.780000","47710.000000","","","0.000000","","","9949-01"," ","2113","","","","","","","","1568.510000","1835.160000","","","","","","","","N","","4","","","","","SHXK_STE","SHXK_STE"," ","","","","","PN02-17120065","REG","0","17/12/25","PC0025","","","","V000082","001","001","8201344","D0003","D0013","8808226","","","Y","C114","J017","RMB","2","","17/12/25","","","","2017","12","2640761.940000","0.000000","P01","1.0000000000","17.0000","1","Y","","0.000000","0.000000","","","","N"," ","","","N"," ","","","1","","","","","","","Y","0","","Y"," ","0","","0","0","Y","8201344","D0003","8809716","18/07/02","3089691.500000","","","","","","","","","","","","","","","","1","SHXK_STE","","18/01/09","12:45:38","tiptop","17/12/25","N","SHXK_STE","SHXK_STE","8201344","D0003"
"PN02-17120065","REG","14","","9949-8000-1501","DVR Backplane Card","","","PCS","PCS","1.00000000","","N","","PC0025","","20.0000","Y","Y","8","","30.000","","PQ01-17120095","13","","268.376100","314.000000","","18/03/28","18/03/28","18/03/28","18/01/09","","Y","1403","","0","","","268.376100","","","10.000","0.000"," ","10.000"," ","0.000"," ","-20.000","0.000","","","9949-8000-1501","1.0000","N","N","1","","D0010","","","","","","","","","","","PCS","30.000","8051.280000","9420.000000","","","0.000000","","","9949-01"," ","2112","","","","","","","","268.510000","314.160000","","","","","","","","N","","4","","","","","SHXK_STE","SHXK_STE"," ","","","","","PN02-17120065","REG","0","17/12/25","PC0025","","","","V000082","001","001","8201344","D0003","D0013","8808226","","","Y","C114","J017","RMB","2","","17/12/25","","","","2017","12","2640761.940000","0.000000","P01","1.0000000000","17.0000","1","Y","","0.000000","0.000000","","","","N"," ","","","N"," ","","","1","","","","","","","Y","0","","Y"," ","0","","0","0","Y","8201344","D0003","8809716","18/07/02","3089691.500000","","","","","","","","","","","","","","","","1","SHXK_STE","","18/01/09","12:45:38","tiptop","17/12/25","N","SHXK_STE","SHXK_STE","8201344","D0003"
"PN02-17120065","REG","13","","9949-8000-1503","Emergency Power Supply Card","","","PCS","PCS","1.00000000","","N","","PC0025","","20.0000","Y","Y","8","","34.000","","PQ01-17120095","14","","500.000000","585.000000","","18/03/28","18/03/28","18/03/28","18/01/09","","Y","1403","","0","","","500.000000","","","5.000","0.000"," ","5.000"," ","0.000"," ","-29.000","0.000","","","9949-8000-1503","1.0000","N","N","1","","D0010","","","","","","","","","","","PCS","34.000","17000.000000","19890.000000","","","0.000000","","","9949-01"," ","2115","","","","","","","","500.510000","585.600000","","","","","","","","N","","4","","","","","SHXK_STE","SHXK_STE"," ","","","","","PN02-17120065","REG","0","17/12/25","PC0025","","","","V000082","001","001","8201344","D0003","D0013","8808226","","","Y","C114","J017","RMB","2","","17/12/25","","","","2017","12","2640761.940000","0.000000","P01","1.0000000000","17.0000","1","Y","","0.000000","0.000000","","","","N"," ","","","N"," ","","","1","","","","","","","Y","0","","Y"," ","0","","0","0","Y","8201344","D0003","8809716","18/07/02","3089691.500000","","","","","","","","","","","","","","","","1","SHXK_STE","","18/01/09","12:45:38","tiptop","17/12/25","N","SHXK_STE","SHXK_STE","8201344","D0003"
"PN02-17120065","REG","10","","9949-8000-2201","PACU Backplane PCBA","","","PCS","PCS","1.00000000","","N","","PC0025","","20.0000","Y","Y","8","","28.000","","PQ01-17120095","17","","318.376100","372.500000","","18/03/28","18/03/28","18/03/28","18/01/09","","Y","1403","","0","","","318.376100","","","8.000","0.000"," ","8.000"," ","0.000"," ","-20.000","0.000","","","9949-8000-2201","1.0000","N","N","1","","D0010","","","","","","","","","","","PCS","28.000","8914.530000","10430.000000","","","0.000000","","","9949-01"," ","2115","","","","","","","","318.510000","372.660000","","","","","","","","N","","4","","","","","SHXK_STE","SHXK_STE"," ","","","","","PN02-17120065","REG","0","17/12/25","PC0025","","","","V000082","001","001","8201344","D0003","D0013","8808226","","","Y","C114","J017","RMB","2","","17/12/25","","","","2017","12","2640761.940000","0.000000","P01","1.0000000000","17.0000","1","Y","","0.000000","0.000000","","","","N"," ","","","N"," ","","","1","","","","","","","Y","0","","Y"," ","0","","0","0","Y","8201344","D0003","8809716","18/07/02","3089691.500000","","","","","","","","","","","","","","","","1","SHXK_STE","","18/01/09","12:45:38","tiptop","17/12/25","N","SHXK_STE","SHXK_STE","8201344","D0003"
"PN02-17120065","REG","8","","9949-8000-4202","AVSS Controller  Card(2)","","","PCS","PCS","1.00000000","","N","","PC0025","","20.0000","Y","Y","8","","31.000","","PQ01-17120095","19","","9068.376100","10610.000000","","18/03/28","18/03/28","18/03/28","18/01/09","","Y","1403","","0","","","9068.376100","","","30.000","0.000"," ","30.000"," ","0.000"," ","-1.000","0.000","","","9949-8000-4202","1.0000","N","N","1","","D0010","","","","","","","","","","","PCS","31.000","281119.660000","328910.000000","","","0.000000","","","9949-01"," ","2107","","","","","","","","9068.510000","10610.160000","","","","","","","","N","","4","","","","","SHXK_STE","SHXK_STE"," ","","","","","PN02-17120065","REG","0","17/12/25","PC0025","","","","V000082","001","001","8201344","D0003","D0013","8808226","","","Y","C114","J017","RMB","2","","17/12/25","","","","2017","12","2640761.940000","0.000000","P01","1.0000000000","17.0000","1","Y","","0.000000","0.000000","","","","N"," ","","","N"," ","","","1","","","","","","","Y","0","","Y"," ","0","","0","0","Y","8201344","D0003","8809716","18/07/02","3089691.500000","","","","","","","","","","","","","","","","1","SHXK_STE","","18/01/09","12:45:38","tiptop","17/12/25","N","SHXK_STE","SHXK_STE","8201344","D0003"
"PN02-17120065","REG","3","","9949-8000-9201","FEPDS Controller PCBA","","","PCS","PCS","1.00000000","","N","","PC0025","","20.0000","Y","Y","8","","32.000","","PQ01-17120095","24","","1268.376100","1484.000000","","18/03/28","18/03/28","18/03/28","18/01/09","","Y","1403","","0","","","1268.376100","","","4.000","0.000"," ","2.000"," ","2.000"," ","-30.000","0.000","","","9949-8000-9201","1.0000","N","N","1","","D0010","","","","","","","","","","","PCS","32.000","40588.030000","47488.000000","","","0.000000","","","9949-01"," ","2104","","","","","","","","1268.510000","1484.160000","","","","","","","","N","","4","","","","","SHXK_STE","SHXK_STE"," ","","","","","PN02-17120065","REG","0","17/12/25","PC0025","","","","V000082","001","001","8201344","D0003","D0013","8808226","","","Y","C114","J017","RMB","2","","17/12/25","","","","2017","12","2640761.940000","0.000000","P01","1.0000000000","17.0000","1","Y","","0.000000","0.000000","","","","N"," ","","","N"," ","","","1","","","","","","","Y","0","","Y"," ","0","","0","0","Y","8201344","D0003","8809716","18/07/02","3089691.500000","","","","","","","","","","","","","","","","1","SHXK_STE","","18/01/09","12:45:38","tiptop","17/12/25","N","SHXK_STE","SHXK_STE","8201344","D0003"
"PN02-17120039","REG","4","","8008-0450","DACU面板","","","PCS","PCS","1.00000000","","N","1.00000000","PC2115","","20.0000","Y","Y","8","","9.000"," ","PQ01-17120053","6","0.000000","111.965800","131.000000","0","18/01/30","18/01/30","18/01/30","17/12/28","","Y","1403","","0","","","111.965800","","0","3.000","0.000","K001","3.000"," ","0.000"," ","-6.000","0.000"," ","0","8008-0450","1.0000","N","N","1","","D0013","","0","","","","","","","","","PCS","9.000","1007.690000","1179.000000","","","0.000000","","0","2115-01"," ","2112","","","","","","","","112.100000","131.160000","","","0","0","99/12/31","99/12/31","99/12/31","","","4","","","0","","SHXK_STE","SHXK_STE"," ","",""," ","","PN02-17120039","REG","0","17/12/26","PC2115","","","","V000234","001","001","8201379","D0003","D0013","8302073","","","Y","C002","J017","RMB","6","","18/04/23","","","","2017","12","4117.520000","0.000000","P01","1.0000000000","17.0000","1","Y","","0.000000","0.000000","","","","N"," ","","","N"," ","","","1","","","","","","","Y","0","","Y"," ","0","","0","0","Y","8201379","D0003","8809716","18/07/02","4817.500000","","","","","","","","","","","","","","","","1","SHXK_STE","","17/12/28","10:54:31","tiptop","17/12/20","N","SHXK_STE","SHXK_STE","8201379","D0003"
"PN02-18030036","REG","2","","8008-0278","CCH Cabient","","","PCS","PCS","1.00000000","","N","1.00000000","PC0025","","20.0000","Y","Y","8","","22.000"," ","PQ01-18020017","9","0.000000","81.196600","95.000000","0","18/08/15","18/08/15","18/08/15","18/03/27","","Y","1403","","0","","","81.196600","","0","2.000","0.000","K001","2.000"," ","0.000"," ","-20.000","0.000"," ","0","8008-0278","1.0000","N","N","1","","D0010","","0","","","","","","","","","PCS","22.000","1786.320000","2090.000000","","","0.000000","","0","9949-01"," ","2103","","","","","","","","90.000000","105.300000","","","0","0","99/12/31","99/12/31","99/12/31","","","4","","","0","","SHXK_STE","SHXK_STE"," ","",""," ","","PN02-18030036","REG","0","18/03/23","PC0025","","","","V000234","001","001","8201379","D0003","D0013","8808227","","","Y","C002","J017","RMB","2","","18/04/23","","","","2018","3","11951.440000","0.000000","P01","1.0000000000","17.0000","1","Y","","0.000000","0.000000","","","","N"," ","","","N"," ","","","1","","","","","","","Y","0","","Y"," ","0","","0","0","Y","8201379","D0003","8809716","18/07/02","13983.200000","","","","","","","","","","","","","","","","1","SHXK_STE","","18/03/26","17:45:42","tiptop","18/03/14","N","SHXK_STE","SHXK_STE","8201379","D0003"
"PN02-18030031","REG","22","","9949-8000-1204","AMP Card","","","PCS","PCS","1.00000000","","N","","PC0025","","10.0000","Y","Y","8","","30.000","","PQ01-18010025","8","","11068.376100","12950.000000","","18/06/13","18/06/13","18/06/13","18/04/23","","Y","1403","","0","","","11068.376100","","","9.000","0.000"," ","9.000"," ","0.000"," ","-21.000","0.000","","","9949-8000-1204","1.0000","N","N","1","","D0010","","","","","","","","","","","PCS","30.000","332051.280000","388500.000000","","","0.000000","","","9949-01"," ","2113","","","","","","","","11068.510000","12950.160000","","","","","","","","N","","4","","","","","SHXK_STE","SHXK_STE"," ","","","","","PN02-18030031","REG","0","18/04/02","PC0025","","","","V000082","001","001","8201344","D0003","D0013","8808226","","","Y","C131","J017","RMB","2","","18/03/13","","","","2018","4","2931820.680000","0.000000","P01","1.0000000000","17.0000","1","Y","","0.000000","0.000000","","","","N"," ","","","N"," ","","","1","","","","","","","Y","0","","Y"," ","0","","0","0","Y","8201344","D0003","8809716","18/07/02","3430230.200000","","","","","","","","","","","","","","","","1","SHXK_STE","","18/04/20","17:23:51","tiptop","18/03/13","N","SHXK_STE","SHXK_STE","8201344","D0003"
"PN02-18030031","REG","16","","9949-8000-1505","CPCIE to SATA Extend","","","PCS","PCS","1.00000000","","N","","PC0025","","20.0000","Y","Y","8","","50.000","","PQ01-18010025","14","","400.000000","468.000000","","18/06/13","18/06/13","18/06/13","18/04/23","","Y","1403","","0","","","400.000000","","","28.000","0.000"," ","28.000"," ","0.000"," ","-22.000","0.000","","","9949-8000-1505","1.0000","N","N","1","","D0010","","","","","","","","","","","PCS","50.000","20000.000000","23400.000000","","","0.000000","","","9949-01"," ","2115","","","","","","","","400.510000","468.600000","","","","","","","","N","","4","","","","","SHXK_STE","SHXK_STE"," ","","","","","PN02-18030031","REG","0","18/04/02","PC0025","","","","V000082","001","001","8201344","D0003","D0013","8808226","","","Y","C131","J017","RMB","2","","18/03/13","","","","2018","4","2931820.680000","0.000000","P01","1.0000000000","17.0000","1","Y","","0.000000","0.000000","","","","N"," ","","","N"," ","","","1","","","","","","","Y","0","","Y"," ","0","","0","0","Y","8201344","D0003","8809716","18/07/02","3430230.200000","","","","","","","","","","","","","","","","1","SHXK_STE","","18/04/20","17:23:51","tiptop","18/03/13","N","SHXK_STE","SHXK_STE","8201344","D0003"
"PN02-18030031","REG","14","","9949-8000-1205","Switch Card","","","PCS","PCS","1.00000000","","N","","PC0025","","10.0000","Y","Y","8","","80.000","","PQ01-18010025","16","","1568.376100","1835.000000","","18/06/13","18/06/13","18/06/13","18/04/23","","Y","1403","","0","","","1568.376100","","","20.000","0.000"," ","20.000"," ","0.000"," ","-60.000","0.000","","","9949-8000-1205","1.0000","N","N","1","","D0010","","","","","","","","","","","PCS","80.000","125470.090000","146800.000000","","","0.000000","","","9949-01"," ","2115","","","","","","","","1568.510000","1835.160000","","","","","","","","N","","4","","","","","SHXK_STE","SHXK_STE"," ","","","","","PN02-18030031","REG","0","18/04/02","PC0025","","","","V000082","001","001","8201344","D0003","D0013","8808226","","","Y","C131","J017","RMB","2","","18/03/13","","","","2018","4","2931820.680000","0.000000","P01","1.0000000000","17.0000","1","Y","","0.000000","0.000000","","","","N"," ","","","N"," ","","","1","","","","","","","Y","0","","Y"," ","0","","0","0","Y","8201344","D0003","8809716","18/07/02","3430230.200000","","","","","","","","","","","","","","","","1","SHXK_STE","","18/04/20","17:23:51","tiptop","18/03/13","N","SHXK_STE","SHXK_STE","8201344","D0003"
"PN02-18030031","REG","13","","9949-8000-1205-1","Switch POE Card","","","PCS","PCS","1.00000000","","N","","PC0025","","10.0000","Y","Y","8","","80.000","","PQ01-18010025","17","","568.376100","665.000000","","18/06/13","18/06/13","18/06/13","18/04/23","","Y","1403","","0","","","568.376100","","","36.000","0.000"," ","36.000"," ","0.000"," ","-44.000","0.000","","","9949-8000-1205-1","1.0000","N","N","1","","D0010","","","","","","","","","","","PCS","80.000","45470.090000","53200.000000","","","0.000000","","","9949-01"," ","2103","","","","","","","","568.510000","665.160000","","","","","","","","N","","4","","","","","SHXK_STE","SHXK_STE"," ","","","","","PN02-18030031","REG","0","18/04/02","PC0025","","","","V000082","001","001","8201344","D0003","D0013","8808226","","","Y","C131","J017","RMB","2","","18/03/13","","","","2018","4","2931820.680000","0.000000","P01","1.0000000000","17.0000","1","Y","","0.000000","0.000000","","","","N"," ","","","N"," ","","","1","","","","","","","Y","0","","Y"," ","0","","0","0","Y","8201344","D0003","8809716","18/07/02","3430230.200000","","","","","","","","","","","","","","","","1","SHXK_STE","","18/04/20","17:23:51","tiptop","18/03/13","N","SHXK_STE","SHXK_STE","8201344","D0003"
"PN02-18030031","REG","12","","9949-8000-1205-2","Switch Panel Card","","","PCS","PCS","1.00000000","","N","","PC0025","","10.0000","Y","Y","8","","80.000","","PQ01-18010025","18","","1568.376100","1835.000000","","18/06/13","18/06/13","18/06/13","18/04/23","","Y","1403","","0","","","1568.376100","","","35.000","0.000"," ","35.000"," ","0.000"," ","-45.000","0.000","","","9949-8000-1205-2","1.0000","N","N","1","","D0010","","","","","","","","","","","PCS","80.000","125470.090000","146800.000000","","","0.000000","","","9949-01"," ","2101","","","","","","","","1568.510000","1835.160000","","","","","","","","N","","4","","","","","SHXK_STE","SHXK_STE"," ","","","","","PN02-18030031","REG","0","18/04/02","PC0025","","","","V000082","001","001","8201344","D0003","D0013","8808226","","","Y","C131","J017","RMB","2","","18/03/13","","","","2018","4","2931820.680000","0.000000","P01","1.0000000000","17.0000","1","Y","","0.000000","0.000000","","","","N"," ","","","N"," ","","","1","","","","","","","Y","0","","Y"," ","0","","0","0","Y","8201344","D0003","8809716","18/07/02","3430230.200000","","","","","","","","","","","","","","","","1","SHXK_STE","","18/04/20","17:23:51","tiptop","18/03/13","N","SHXK_STE","SHXK_STE","8201344","D0003"
"PN02-18030031","REG","10","","9949-8000-1102","PACU Power Supply Unit Card(1)","","","PCS","PCS","1.00000000","","N","","PC0025","","20.0000","Y","Y","8","","20.000","","PQ01-18010025","20","","2068.376100","2420.000000","","18/06/13","18/06/13","18/06/13","18/04/23","","Y","1403","","0","","","2068.376100","","","15.000","0.000"," ","15.000"," ","0.000"," ","-5.000","0.000","","","9949-8000-1102","1.0000","N","N","1","","D0010","","","","","","","","","","","PCS","20.000","41367.520000","48400.000000","","","0.000000","","","9949-01"," ","2101","","","","","","","","2068.510000","2420.160000","","","","","","","","N","","4","","","","","SHXK_STE","SHXK_STE"," ","","","","","PN02-18030031","REG","0","18/04/02","PC0025","","","","V000082","001","001","8201344","D0003","D0013","8808226","","","Y","C131","J017","RMB","2","","18/03/13","","","","2018","4","2931820.680000","0.000000","P01","1.0000000000","17.0000","1","Y","","0.000000","0.000000","","","","N"," ","","","N"," ","","","1","","","","","","","Y","0","","Y"," ","0","","0","0","Y","8201344","D0003","8809716","18/07/02","3430230.200000","","","","","","","","","","","","","","","","1","SHXK_STE","","18/04/20","17:23:51","tiptop","18/03/13","N","SHXK_STE","SHXK_STE","8201344","D0003"
"PN02-18030031","REG","9","","9949-8000-1503","Emergency Power Supply Card","","","PCS","PCS","1.00000000","","N","","PC0025","","20.0000","Y","Y","8","","50.000","","PQ01-18010025","21","","500.000000","585.000000","","18/06/13","18/06/13","18/06/13","18/04/23","","Y","1403","","0","","","500.000000","","","29.000","0.000"," ","29.000"," ","0.000"," ","-21.000","0.000","","","9949-8000-1503","1.0000","N","N","1","","D0010","","","","","","","","","","","PCS","50.000","25000.000000","29250.000000","","","0.000000","","","9949-01"," ","2102","","","","","","","","500.510000","585.600000","","","","","","","","N","","4","","","","","SHXK_STE","SHXK_STE"," ","","","","","PN02-18030031","REG","0","18/04/02","PC0025","","","","V000082","001","001","8201344","D0003","D0013","8808226","","","Y","C131","J017","RMB","2","","18/03/13","","","","2018","4","2931820.680000","0.000000","P01","1.0000000000","17.0000","1","Y","","0.000000","0.000000","","","","N"," ","","","N"," ","","","1","","","","","","","Y","0","","Y"," ","0","","0","0","Y","8201344","D0003","8809716","18/07/02","3430230.200000","","","","","","","","","","","","","","","","1","SHXK_STE","","18/04/20","17:23:51","tiptop","18/03/13","N","SHXK_STE","SHXK_STE","8201344","D0003"
"PN02-18030031","REG","7","","9949-8000-1220","DVR Power Supply Unit Card","","","PCS","PCS","1.00000000","","N","","PC0025","","20.0000","Y","Y","8","","50.000","","PQ01-18010025","23","","1568.376100","1835.000000","","18/06/13","18/06/13","18/06/13","18/04/23","","Y","1403","","0","","","1568.376100","","","13.000","0.000"," ","13.000"," ","0.000"," ","-37.000","0.000","","","9949-8000-1220","1.0000","N","N","1","","D0010","","","","","","","","","","","PCS","50.000","78418.800000","91750.000000","","","0.000000","","","9949-01"," ","2115","","","","","","","","1568.510000","1835.160000","","","","","","","","N","","4","","","","","SHXK_STE","SHXK_STE"," ","","","","","PN02-18030031","REG","0","18/04/02","PC0025","","","","V000082","001","001","8201344","D0003","D0013","8808226","","","Y","C131","J017","RMB","2","","18/03/13","","","","2018","4","2931820.680000","0.000000","P01","1.0000000000","17.0000","1","Y","","0.000000","0.000000","","","","N"," ","","","N"," ","","","1","","","","","","","Y","0","","Y"," ","0","","0","0","Y","8201344","D0003","8809716","18/07/02","3430230.200000","","","","","","","","","","","","","","","","1","SHXK_STE","","18/04/20","17:23:51","tiptop","18/03/13","N","SHXK_STE","SHXK_STE","8201344","D0003"
"PN02-18030031","REG","5","","9949-8000-8201","EANS MMI Interface Card","","","PCS","PCS","1.00000000","","N","","PC0025","","20.0000","Y","Y","8","","150.000","","PQ01-18010025","25","","818.376100","957.500000","","18/06/13","18/06/13","18/06/13","18/04/23","","Y","1403","","0","","","818.376100","","","100.000","0.000"," ","100.000"," ","0.000"," ","-50.000","0.000","","","9949-8000-8201","1.0000","N","N","1","","D0010","","","","","","","","","","","PCS","150.000","122756.410000","143625.000000","","","0.000000","","","9949-01"," ","2115","","","","","","","","818.510000","957.660000","","","","","","","","N","","4","","","","","SHXK_STE","SHXK_STE"," ","","","","","PN02-18030031","REG","0","18/04/02","PC0025","","","","V000082","001","001","8201344","D0003","D0013","8808226","","","Y","C131","J017","RMB","2","","18/03/13","","","","2018","4","2931820.680000","0.000000","P01","1.0000000000","17.0000","1","Y","","0.000000","0.000000","","","","N"," ","","","N"," ","","","1","","","","","","","Y","0","","Y"," ","0","","0","0","Y","8201344","D0003","8809716","18/07/02","3430230.200000","","","","","","","","","","","","","","","","1","SHXK_STE","","18/04/20","17:23:51","tiptop","18/03/13","N","SHXK_STE","SHXK_STE","8201344","D0003"
"PN02-18030031","REG","1","","9949-8000-1501","DVR Backplane Card","","","PCS","PCS","1.00000000","","N","1.00000000","PC0025","","20.0000","Y","Y","8","","50.000","","PQ01-18010025","29","","268.376100","314.000000","","18/06/13","18/06/13","18/06/13","18/04/23","","Y","1403","","0","","","268.376100","","","20.000","0.000"," ","20.000"," ","0.000"," ","-30.000","0.000","","","9949-8000-1501","1.0000","N","N","1","","D0010","","","","","","","","","","","PCS","50.000","13418.800000","15700.000000","","","0.000000","","","9949-01"," ","2102","","","","","","","","268.510000","314.160000","","","","","","","","N","","4","","","","","SHXK_STE","SHXK_STE"," ","","","","","PN02-18030031","REG","0","18/04/02","PC0025","","","","V000082","001","001","8201344","D0003","D0013","8808226","","","Y","C131","J017","RMB","2","","18/03/13","","","","2018","4","2931820.680000","0.000000","P01","1.0000000000","17.0000","1","Y","","0.000000","0.000000","","","","N"," ","","","N"," ","","","1","","","","","","","Y","0","","Y"," ","0","","0","0","Y","8201344","D0003","8809716","18/07/02","3430230.200000","","","","","","","","","","","","","","","","1","SHXK_STE","","18/04/20","17:23:51","tiptop","18/03/13","N","SHXK_STE","SHXK_STE","8201344","D0003"
"PN02-18040003","REG","9","","8010-0388","M12 D-Coding公连接器","","","PCS","PCS","1.00000000","","N","1.00000000","PC0085","","20.0000","Y","Y","8","","3150.000","","PQ01-18030032","11","0.000000","52.250000","61.132500","","18/06/30","18/06/30","18/06/30","18/04/20","","Y","500102","","0","","","52.250000","","","2000.000","0.000","K001","2000.000"," ","0.000"," ","-1150.000","0.000","","","8010-0388","1.0000","N","N","1","","D0013","","","","","","","","","","","PCS","3150.000","164587.500000","192567.380000","","","0.000000","","","0085-01"," ","2114","","","","","","","","52.350000","61.249500","","","","","","","","N","","4","","","","","SHXK_STE","SHXK_STE"," ","",""," ","","PN02-18040003","REG","0","18/04/02","PC0085","","","","V000256","001","001","8201551","D0003","D0013","8808226","","","Y","C004","J017","RMB","6","","18/04/23","","","","2018","4","301432.600000","0.000000","P01","1.0000000000","17.0000","1","Y","","0.000000","0.000000","","","","N"," ","","","N"," ","","","1","","","","","","","Y","0","","Y"," ","0","","0","0","Y","8201551","D0003","8809716","18/07/02","352676.160000","","","","","","","","","","","","","","","","1","SHXK_STE","","18/04/20","17:24:04","tiptop","18/04/02","N","SHXK_STE","SHXK_STE","8201551","D0003"
"PN02-18030069","REG","3","","9986-8000-0391","FCAM(前视摄像机)","","","PCS","PCS","1.00000000","","N","1.00000000","PC0071","","10.0000","Y","Y","8","","36.000"," ","PQ01-18010077","3","0.000000","641.025600","750.000000","0","18/05/04","18/05/04","18/05/04","18/04/23","","Y","1405","","0","","","641.025600","","0","34.000","0.000","K004","34.000"," ","0.000"," ","-2.000","0.000"," ","0","9986-8000-0391","1.0000","N","N","1","","D0013","","0","","","","","","","","","PCS","36.000","23076.920000","27000.000000","","","0.000000","","0","0071-01"," ","2113","","","","","","","","642.000000","642.000000","","","0","0","99/12/31","99/12/31","99/12/31","","","4","","","0","","SHXK_STE","SHXK_STE"," ","",""," ","","PN02-18030069","REG","0","18/04/02","PC0071","","","","V000080","001","001","8201344","D0003","D0013","8808226","","","Y","C103","J017","RMB","6","","18/03/27","","","","2018","4","253846.150000","0.000000","P01","1.0000000000","17.0000","1","Y","","0.000000","0.000000","","","","N"," ","","","N"," ","","","1","","","","","","","Y","0","","Y"," ","0","","0","0","Y","8201344","D0003","8809716","18/07/02","297000.000000","","","","","","","","","","","","","","","","1","SHXK_STE","","18/04/20","17:14:05","tiptop","18/03/27","N","SHXK_STE","SHXK_STE","8201344","D0003"
"PN02-18030069","REG","1","","9986-8000-0386","SCAM(客室摄像机)","","","PCS","PCS","1.00000000","","N","1.00000000","PC0071","","10.0000","Y","Y","8","","288.000"," ","PQ01-18010077","1","0.000000","641.025600","750.000000","0","18/05/04","18/05/04","18/05/04","18/04/23","","Y","1405","","0","","","641.025600","","0","234.000","0.000","K004","234.000"," ","0.000"," ","-54.000","0.000"," ","0","9986-8000-0386","1.0000","N","N","1","","D0013","","0","","","","","","","","","PCS","288.000","184615.380000","216000.000000","","","0.000000","","0","0071-01"," ","2113","","","","","","","","642.000000","642.000000","","","0","0","99/12/31","99/12/31","99/12/31","","","4","","","0","","SHXK_STE","SHXK_STE"," ","",""," ","","PN02-18030069","REG","0","18/04/02","PC0071","","","","V000080","001","001","8201344","D0003","D0013","8808226","","","Y","C103","J017","RMB","6","","18/03/27","","","","2018","4","253846.150000","0.000000","P01","1.0000000000","17.0000","1","Y","","0.000000","0.000000","","","","N"," ","","","N"," ","","","1","","","","","","","Y","0","","Y"," ","0","","0","0","Y","8201344","D0003","8809716","18/07/02","297000.000000","","","","","","","","","","","","","","","","1","SHXK_STE","","18/04/20","17:14:05","tiptop","18/03/27","N","SHXK_STE","SHXK_STE","8201344","D0003"
"PN02-18030045","REG","11","","8008-0650","ILS面板","","","PCS","PCS","1.00000000","","N","1.00000000","PC0085","","10.0000","Y","Y","8","","122.000"," ","PQ01-18030042","48","0.000000","57.743600","67.560000","0","18/03/30","18/04/27","18/04/27","18/04/08","","Y","1403","","0","","","57.743600","","0","122.000","0.000","K001","120.000"," ","2.000"," ","-2.000","0.000"," ","0","8008-0650","1.0000","N","N","1","","D0013","","0","","","","","","","","","PCS","122.000","7044.720000","8242.320000","","","0.000000","","0","0085-01"," ","2106","","","","","","","","57.850000","67.680000","","","0","0","99/12/31","99/12/31","99/12/31","","","4","","","0","","SHXK_STE","SHXK_STE"," ","",""," ","","PN02-18030045","REG","0","18/03/28","PC0085","","","","V000234","001","001","8201379","D0003","D0013","8808325","","","Y","C002","J017","RMB","6","","18/03/19","","","","2018","3","33552.410000","0.000000","P01","1.0000000000","17.0000","1","Y","","0.000000","0.000000","","","","N"," ","","","N"," ","","","1","","","","","","","Y","0","","Y"," ","0","","0","0","Y","8201379","D0003","8809716","18/07/02","39256.280000","","","","","","","","","","","","","","","","1","SHXK_STE","","18/04/08","16:18:53","tiptop","18/03/19","N","SHXK_STE","SHXK_STE","8201379","D0003"
"PN02-18050038","REG","3","","8010-0213","CONEC M12 连接器 Male","","","PCS","PCS","1.00000000","","N","1.00000000","PC0058","","20.0000","Y","Y","8","","1500.000","","PQ01-18010114","29","0.000000","50.422400","58.490000","","18/07/31","18/07/31","18/07/31","18/05/25","","Y","500102","","0","","","50.422400","","","1113.000","0.000","K001","1113.000"," ","0.000"," ","-387.000","0.000","","","8010-0213","1.0000","N","N","1","","D0010","","","","","","","","","","","PCS","1500.000","75633.620000","87735.000000","","","0.000000","","","0058-01"," ","2122","","","","","","","","50.430000","50.430000","","","","","","","","N","","4","","","","","SHXK_STE","SHXK_STE"," ","",""," ","","PN02-18050038","REG","0","18/05/22","","","","","V000493","","","8201551","D0003","D0013","9102210","","","Y","C002","J016","RMB","6","","18/05/22","","","","2018","5","136140.520000","0.000000","P01","1.0000000000","16.0000","1","Y","","0.000000","0.000000","","","","N"," ","","","N"," ","","","1","","","","","","","Y","0","","Y"," ","0","","0","0","Y","8201551","D0003","8809716","18/07/02","157923.000000","","","","","","","","","","","","","","","","1","SHXK_STE","","18/05/24","14:25:56","tiptop","18/05/22","N","SHXK_STE","SHXK_STE","8201551","D0003"
